date,commission,expected_premiums,actual_premiums,expected_claims,actual_claims,expected_expenses,actual_expenses,df
2026/1/1,"780,000,000.00",,,,,,,1
2026/2/1,,-4156134.429,-4156134.429,3117100.821,1298792.009,,,0.9982
2026/3/1,,-4204376.458,-4204376.458,3153282.344,1313867.643,,,0.9964
2026/4/1,,-4291689.239,-4291689.239,3218766.929,1341152.887,,,0.9946
2026/5/1,,-4371171.137,-4371171.137,3278378.352,1365990.98,,,0.9928
2026/6/1,,-4457878.251,-4457878.251,3343408.688,1393086.953,,,0.991
2026/7/1,,-4511226.597,-4511226.597,3383419.948,1409758.312,,,0.9892
2026/8/1,,-4538225.895,-4538225.895,3403669.421,1418195.592,,,0.9874
2026/9/1,,-4575726.728,-4575726.728,3431795.046,1429914.602,,,0.9857
2026/10/1,,-4654350.804,-4654350.804,3490763.103,1454484.626,,,0.9839
2026/11/1,,-4719664.756,-4719664.756,3539748.567,1474895.236,,,0.9821
2026/12/1,,-4753931.393,-4753931.393,3565448.545,1485603.56,,,0.9803
2027/1/1,,-4825985.687,-4825985.687,3619489.265,1508120.527,,,0.9783
2027/2/1,,-4868933.967,-4868933.967,3651700.475,1521541.865,,,0.9763
2027/3/1,,-4919111.332,-4919111.332,3689333.499,1537222.291,,,0.9744
2027/4/1,,-5009974.336,-5009974.336,3757480.752,1565616.98,,,0.9724
2027/5/1,,-5092795.916,-5092795.916,3819596.937,1591498.724,,,0.9704
2027/6/1,,-5171476.329,-5171476.329,3878607.247,1616086.353,,,0.9684
2027/7/1,,-5220225.07,-5220225.07,3915168.802,1631320.334,,,0.9664
2027/8/1,,-5246155.746,-5246155.746,3934616.809,1639423.671,,,0.9645
2027/9/1,,-5285258.812,-5285258.812,3963944.109,1651643.379,,,0.9625
2027/10/1,,-5361984.986,-5361984.986,4021488.74,1675620.308,,,0.9605
2027/11/1,,-5426869.304,-5426869.304,4070151.978,1695896.657,,,0.9586
2027/12/1,,-5459997.059,-5459997.059,4094997.795,1706249.081,,,0.9566
2028/1/1,,-5528649.679,-5528649.679,4146487.259,1727703.025,,,0.9546
2028/2/1,,-5562463.1,-5562463.1,4171847.325,1738269.719,,,0.9525
2028/3/1,,-5601233.448,-5601233.448,4200925.086,1750385.452,,,0.9505
2028/4/1,,-5675182.401,-5675182.401,4256386.801,1773494.5,,,0.9485
2028/5/1,,-5735284.514,-5735284.514,4301463.386,1792276.411,,,0.9465
2028/6/1,,-5796327.41,-5796327.41,4347245.557,1811352.315,,,0.9445
2028/7/1,,-5837416.827,-5837416.827,4378062.62,1824192.758,,,0.9425
2028/8/1,,-5854207.428,-5854207.428,4390655.571,1829439.821,,,0.9404
2028/9/1,,-5883116.753,-5883116.753,4412337.565,1838473.985,,,0.9384
2028/10/1,,-5949981.139,-5949981.139,4462485.854,1859369.106,,,0.9364
2028/11/1,,-6005619.934,-6005619.934,4504214.951,1876756.229,,,0.9345
2028/12/1,,-6027133.932,-6027133.932,4520350.449,1883479.354,,,0.9325
2029/1/1,,-6088379.097,-6088379.097,4566284.322,1902618.468,,,0.9304
2029/2/1,,-6119296.223,-6119296.223,4589472.168,1912280.07,,,0.9283
2029/3/1,,-6154062.496,-6154062.496,4615546.872,1923144.53,,,0.9262
2029/4/1,,-6224788.075,-6224788.075,4668591.057,1945246.274,,,0.9241
2029/5/1,,-6283207.948,-6283207.948,4712405.961,1963502.484,,,0.9221
2029/6/1,,-6336269.933,-6336269.933,4752202.45,1980084.354,,,0.92
2029/7/1,,-6372652.745,-6372652.745,4779489.559,1991453.983,,,0.9179
2029/8/1,,-6384358.406,-6384358.406,4788268.805,1995112.002,,,0.9159
2029/9/1,,-6404744.484,-6404744.484,4803558.363,2001482.651,,,0.9138
2029/10/1,,-6461044.279,-6461044.279,4845783.209,2019076.337,,,0.9118
2029/11/1,,-6506633.766,-6506633.766,4879975.324,2033323.052,,,0.9097
2029/12/1,,-6517843.164,-6517843.164,4888382.373,2036825.989,,,0.9077
2030/1/1,,-6574963.47,-6574963.47,4931222.603,2054676.084,,,0.9055
2030/2/1,,-6598644.714,-6598644.714,4948983.535,2062076.473,,,0.9034
2030/3/1,,-6626341.976,-6626341.976,4969756.482,2070731.868,,,0.9013
2030/4/1,,-6692662.53,-6692662.53,5019496.898,2091457.041,,,0.8992
2030/5/1,,-6746127.723,-6746127.723,5059595.793,2108164.914,,,0.897
2030/6/1,,-6791917.566,-6791917.566,5093938.174,2122474.239,,,0.8949
2030/7/1,,-6825380.744,-6825380.744,5119035.558,2132931.483,,,0.8928
2030/8/1,,-6833412.152,-6833412.152,5125059.114,2135441.297,,,0.8907
2030/9/1,,-6851479.305,-6851479.305,5138609.479,2141087.283,,,0.8886
2030/10/1,,-6908177.44,-6908177.44,5181133.08,2158805.45,,,0.8865
2030/11/1,,-6954810.036,-6954810.036,5216107.527,2173378.136,,,0.8844
2030/12/1,,-6967024.604,-6967024.604,5225268.453,2177195.189,,,0.8824
2031/1/1,,-10548026.74,-10548026.74,5274013.372,2197505.572,,,0.8801
2031/2/1,,-10591419.35,-10591419.35,5295709.676,2206545.698,,,0.8779
2031/3/1,,-10642695.37,-10642695.37,5321347.683,2217228.201,,,0.8757
2031/4/1,,-10761470.44,-10761470.44,5380735.219,2241973.008,,,0.8734
2031/5/1,,-10859817.08,-10859817.08,5429908.539,2262461.891,,,0.8712
2031/6/1,,-10941672.68,-10941672.68,5470836.338,2279515.141,,,0.869
2031/7/1,,-11008474.22,-11008474.22,5504237.111,2293432.13,,,0.8668
2031/8/1,,-11034592.68,-11034592.68,5517296.338,2298873.474,,,0.8646
2031/9/1,,-11077391.81,-11077391.81,5538695.904,2307789.96,,,0.8624
2031/10/1,,-11183029.43,-11183029.43,5591514.717,2329797.799,,,0.8602
2031/11/1,,-11274137.61,-11274137.61,5637068.803,2348778.668,,,0.858
2031/12/1,,-11308343.95,-11308343.95,5654171.976,2355904.99,,,0.8558
2032/1/1,,-11427981.04,-11427981.04,5713990.521,2380829.384,,,0.8536
2032/2/1,,-11481166.39,-11481166.39,5740583.196,2391909.665,,,0.8514
2032/3/1,,-11550693.39,-11550693.39,5775346.694,2406394.456,,,0.8492
2032/4/1,,-11692331.21,-11692331.21,5846165.604,2435902.335,,,0.8471
2032/5/1,,-11808067.79,-11808067.79,5904033.893,2460014.122,,,0.8449
2032/6/1,,-11905171.98,-11905171.98,5952585.989,2480244.162,,,0.8427
2032/7/1,,-11981602.03,-11981602.03,5990801.017,2496167.091,,,0.8405
2032/8/1,,-12014249.43,-12014249.43,6007124.714,2502968.631,,,0.8384
2032/9/1,,-12069557.45,-12069557.45,6034778.724,2514491.135,,,0.8362
2032/10/1,,-12190287.1,-12190287.1,6095143.548,2539643.145,,,0.8341
2032/11/1,,-12297792.8,-12297792.8,6148896.4,2562040.166,,,0.8319
2032/12/1,,-12340012.76,-12340012.76,6170006.381,2570835.992,,,0.8298
2033/1/1,,-12477974.64,-12477974.64,6238987.322,2599578.051,,,0.8277
2033/2/1,,-12544025.38,-12544025.38,6272012.689,2613338.621,,,0.8257
2033/3/1,,-12620381.25,-12620381.25,6310190.627,2629246.094,,,0.8237
2033/4/1,,-12773867.24,-12773867.24,6386933.619,2661222.341,,,0.8217
2033/5/1,,-12899531.48,-12899531.48,6449765.74,2687402.391,,,0.8197
2033/6/1,,-13001332.01,-13001332.01,6500666.007,2708610.836,,,0.8177
2033/7/1,,-13087768.11,-13087768.11,6543884.053,2726618.355,,,0.8157
2033/8/1,,-13125080.85,-13125080.85,6562540.427,2734391.844,,,0.8137
2033/9/1,,-13185425.82,-13185425.82,6592712.909,2746963.712,,,0.8117
2033/10/1,,-13317566.07,-13317566.07,6658783.037,2774492.932,,,0.8097
2033/11/1,,-13435684.53,-13435684.53,6717842.264,2799100.944,,,0.8077
2033/12/1,,-13482425.79,-13482425.79,6741212.893,2808838.705,,,0.8058
2034/1/1,,-13632034.13,-13632034.13,6816017.063,2840007.109,,,0.8039
2034/2/1,,-13705658.96,-13705658.96,6852829.481,2855345.617,,,0.802
2034/3/1,,-13794595.48,-13794595.48,6897297.742,2873874.059,,,0.8001
2034/4/1,,-13970637.62,-13970637.62,6985318.81,2910549.504,,,0.7982
2034/5/1,,-14113983.53,-14113983.53,7056991.764,2940413.235,,,0.7963
2034/6/1,,-14228036.85,-14228036.85,7114018.426,2964174.344,,,0.7944
2034/7/1,,-14325470.57,-14325470.57,7162735.285,2984473.035,,,0.7925
2034/8/1,,-14369424,-14369424,7184712,2993630,,,0.7907
2034/9/1,,-14440689.32,-14440689.32,7220344.658,3008476.941,,,0.7888
2034/10/1,,-14588375.89,-14588375.89,7294187.944,3039244.977,,,0.7869
2034/11/1,,-14721520.26,-14721520.26,7360760.129,3066983.387,,,0.7851
2034/12/1,,-14776717.58,-14776717.58,7388358.792,3078482.83,,,0.7832
2035/1/1,,-14946871.16,-14946871.16,7473435.581,3113931.492,,,0.7813
2035/2/1,,-15028480.97,-15028480.97,7514240.486,3130933.536,,,0.7795
2035/3/1,,-15129381.77,-15129381.77,7564690.883,3151954.534,,,0.7776
2035/4/1,,-15328805.94,-15328805.94,7664402.968,3193501.237,,,0.7758
2035/5/1,,-15491923.16,-15491923.16,7745961.582,3227483.993,,,0.7739
2035/6/1,,-15619910.21,-15619910.21,7809955.103,3254147.96,,,0.7721
2035/7/1,,-15729005.44,-15729005.44,7864502.722,3276876.134,,,0.7702
2035/8/1,,-15779065,-15779065,7889532.501,3287305.209,,,0.7684
2035/9/1,,-15860801.83,-15860801.83,7930400.913,3304333.714,,,0.7665
2035/10/1,,-16027580.26,-16027580.26,8013790.13,3339079.221,,,0.7647
2035/11/1,,-16176785.7,-16176785.7,8088392.85,3370163.688,,,0.7629
2035/12/1,,-16240002.96,-16240002.96,8120001.481,3383333.951,,,0.7611
2036/1/1,,-16429849.89,-16429849.89,8214924.944,3422885.393,,,0.7592
2036/2/1,,-16519749.75,-16519749.75,8259874.877,3441614.532,,,0.7573
2036/3/1,,-16631286.62,-16631286.62,8315643.312,3464851.38,,,0.7554
2036/4/1,,-16853692,-16853692,8426846.001,3511185.834,,,0.7535
2036/5/1,,-17035392.68,-17035392.68,8517696.342,3549040.143,,,0.7516
2036/6/1,,-17175590.86,-17175590.86,8587795.432,3578248.097,,,0.7497
2036/7/1,,-17295011.84,-17295011.84,8647505.921,3603127.467,,,0.7479
2036/8/1,,-17347153.59,-17347153.59,8673576.794,3613990.331,,,0.746
2036/9/1,,-17436102.97,-17436102.97,8718051.484,3632521.452,,,0.7442
2036/10/1,,-17618641.88,-17618641.88,8809320.938,3670550.391,,,0.7423
2036/11/1,,-17780663.43,-17780663.43,8890331.713,3704304.88,,,0.7405
2036/12/1,,-17847896.96,-17847896.96,8923948.48,3718311.867,,,0.7386
2037/1/1,,-18054587.59,-18054587.59,9027293.795,3761372.415,,,0.7367
2037/2/1,,-18151057.46,-18151057.46,9075528.729,3781470.304,,,0.7348
2037/3/1,,-18271566.76,-18271566.76,9135783.382,3806576.409,,,0.7329
2037/4/1,,-18515362.2,-18515362.2,9257681.101,3857367.126,,,0.731
2037/5/1,,-18713661.35,-18713661.35,9356830.673,3898679.447,,,0.7291
2037/6/1,,-18864644.93,-18864644.93,9432322.467,3930134.361,,,0.7272
2037/7/1,,-18993053.36,-18993053.36,9496526.678,3956886.116,,,0.7253
2037/8/1,,-19046300.39,-19046300.39,9523150.193,3967979.247,,,0.7234
2037/9/1,,-19141818.18,-19141818.18,9570909.088,3987878.787,,,0.7216
2037/10/1,,-19339321.04,-19339321.04,9669660.521,4029025.217,,,0.7197
2037/11/1,,-19514479.32,-19514479.32,9757239.658,4065516.524,,,0.7178
2037/12/1,,-19585947.67,-19585947.67,9792973.836,4080405.765,,,0.716
2038/1/1,,-19811619.04,-19811619.04,9905809.521,4127420.634,,,0.7141
2038/2/1,,-19914349.15,-19914349.15,9957174.573,4148822.739,,,0.7122
2038/3/1,,-20043712.95,-20043712.95,10021856.47,4175773.531,,,0.7102
2038/4/1,,-20309896.43,-20309896.43,10154948.21,4231228.422,,,0.7083
2038/5/1,,-20525981.38,-20525981.38,10262990.69,4276246.12,,,0.7064
2038/6/1,,-20687899.82,-20687899.82,10343949.91,4309979.129,,,0.7046
2038/7/1,,-20823387.17,-20823387.17,10411693.58,4338205.66,,,0.7027
2038/8/1,,-20877426.37,-20877426.37,10438713.19,4349463.828,,,0.7008
2038/9/1,,-20977833.99,-20977833.99,10488916.99,4370382.081,,,0.6989
2038/10/1,,-21190116.89,-21190116.89,10595058.45,4414607.686,,,0.697
2038/11/1,,-21378170.28,-21378170.28,10689085.14,4453785.475,,,0.6952
2038/12/1,,-21452949.55,-21452949.55,10726474.78,4469364.49,,,0.6933
2039/1/1,,-21697437.29,-21697437.29,10848718.65,4520299.436,,,0.6914
2039/2/1,,-21805743.23,-21805743.23,10902871.62,4542863.173,,,0.6895
2039/3/1,,-21944222.84,-21944222.84,10972111.42,4571713.092,,,0.6876
2039/4/1,,-22234354.73,-22234354.73,11117177.36,4632157.235,,,0.6857
2039/5/1,,-22467043.77,-22467043.77,11233521.89,4680634.119,,,0.6839
2039/6/1,,-22640027,-22640027,11320013.5,4716672.291,,,0.682
2039/7/1,,-22784282.59,-22784282.59,11392141.29,4746725.539,,,0.6801
2039/8/1,,-22837731.73,-22837731.73,11418865.87,4757860.777,,,0.6782
2039/9/1,,-22943067.24,-22943067.24,11471533.62,4779805.674,,,0.6764
2039/10/1,,-23170107.04,-23170107.04,11585053.52,4827105.632,,,0.6745
2039/11/1,,-23371281.47,-23371281.47,11685640.73,4869016.972,,,0.6727
2039/12/1,,-23449127.22,-23449127.22,11724563.61,4885234.838,,,0.6708
2040/1/1,,-23713360.49,-23713360.49,11856680.25,4940283.436,,,0.669
2040/2/1,,-23827575.28,-23827575.28,11913787.64,4964078.183,,,0.6671
2040/3/1,,-23974526.48,-23974526.48,11987263.24,4994693.016,,,0.6653
2040/4/1,,-24288164.38,-24288164.38,12144082.19,5060034.245,,,0.6634
2040/5/1,,-24538494.08,-24538494.08,12269247.04,5112186.267,,,0.6616
2040/6/1,,-24721480.13,-24721480.13,12360740.07,5150308.361,,,0.6598
2040/7/1,,-24871989.06,-24871989.06,12435994.53,5181664.388,,,0.658
2040/8/1,,-24923415.53,-24923415.53,12461707.76,5192378.235,,,0.6561
2040/9/1,,-25031822.64,-25031822.64,12515911.32,5214963.049,,,0.6543
2040/10/1,,-25272773.93,-25272773.93,12636386.97,5265161.236,,,0.6525
2040/11/1,,-25484319.3,-25484319.3,12742159.65,5309233.187,,,0.6507
2040/12/1,,-25564439.37,-25564439.37,12782219.69,5325924.869,,,0.6489
2041/1/1,,-25847440.22,-25847440.22,12923720.11,5384883.379,,,0.6471
2041/2/1,,-11252060.7,-11252060.7,12983146.97,5409644.569,,,0.6453
2041/3/1,,-11318971.49,-11318971.49,13060351.72,5441813.216,,,0.6435
2041/4/1,,-11465132.93,-11465132.93,13228999.53,5512083.138,,,0.6418
2041/5/1,,-11581036.89,-11581036.89,13362734.87,5567806.196,,,0.64
2041/6/1,,-11664372.25,-11664372.25,13458891.06,5607871.274,,,0.6382
2041/7/1,,-11732034.85,-11732034.85,13536963.29,5640401.371,,,0.6364
2041/8/1,,-11752697.05,-11752697.05,13560804.29,5650335.119,,,0.6347
2041/9/1,,-11800533.63,-11800533.63,13616000.34,5673333.476,,,0.6329
2041/10/1,,-11911024.95,-11911024.95,13743490.33,5726454.304,,,0.6312
2041/11/1,,-12007598.12,-12007598.12,13854920.91,5772883.713,,,0.6294
2041/12/1,,-12042711.49,-12042711.49,13895436.33,5789765.138,,,0.6277
2042/1/1,,-12173187.48,-12173187.48,14045985.56,5852493.982,,,0.626
2042/2/1,,-12226773.75,-12226773.75,14107815.86,5878256.61,,,0.6242
2042/3/1,,-12296354.41,-12296354.41,14188101.24,5911708.851,,,0.6225
2042/4/1,,-12452382.12,-12452382.12,14368133.22,5986722.174,,,0.6208
2042/5/1,,-12575445.55,-12575445.55,14510129.48,6045887.282,,,0.6191
2042/6/1,,-12662300.01,-12662300.01,14610346.17,6087644.237,,,0.6174
2042/7/1,,-12731705.13,-12731705.13,14690429,6121012.082,,,0.6157
2042/8/1,,-12750203.96,-12750203.96,14711773.8,6129905.75,,,0.614
2042/9/1,,-12798179.88,-12798179.88,14767130.63,6152971.094,,,0.6123
2042/10/1,,-12914338.13,-12914338.13,14901159.38,6208816.407,,,0.6106
2042/11/1,,-13015154.62,-13015154.62,15017486.1,6257285.875,,,0.6089
2042/12/1,,-13049947.48,-13049947.48,15057631.71,6274013.212,,,0.6072
2043/1/1,,-13188061.19,-13188061.19,15216993.68,6340414.032,,,0.6056
2043/2/1,,-13242785.91,-13242785.91,15280137.58,6366723.994,,,0.6039
2043/3/1,,-13314238.45,-13314238.45,15362582.82,6401076.176,,,0.6022
2043/4/1,,-13479773.05,-13479773.05,15553584.29,6480660.122,,,0.6006
2043/5/1,,-13609600.91,-13609600.91,15703385.66,6543077.359,,,0.5989
2043/6/1,,-13699344.01,-13699344.01,15806935.39,6586223.08,,,0.5973
2043/7/1,,-13770325.2,-13770325.2,15888836.77,6620348.654,,,0.5957
2043/8/1,,-13786085.54,-13786085.54,15907021.78,6627925.74,,,0.594
2043/9/1,,-13833476.17,-13833476.17,15961703.27,6650709.695,,,0.5924
2043/10/1,,-13955119.93,-13955119.93,16102061.46,6709192.276,,,0.5908
2043/11/1,,-14060217.25,-14060217.25,16223327.6,6759719.832,,,0.5892
2043/12/1,,-14094410.12,-14094410.12,16262780.9,6776158.709,,,0.5875
2044/1/1,,-14240097.53,-14240097.53,16430881.76,6846200.734,,,0.586
2044/2/1,,-14340184.22,-14340184.22,16546366.4,6894319.335,,,0.5844
2044/3/1,,-14367761.72,-14367761.72,16578186.6,6907577.751,,,0.5828
2044/4/1,,-14543222.13,-14543222.13,16780640.92,6991933.717,,,0.5812
2044/5/1,,-14680039.2,-14680039.2,16938506.77,7057711.152,,,0.5796
2044/6/1,,-14772661.03,-14772661.03,17045378.11,7102240.878,,,0.5781
2044/7/1,,-14844682.3,-14844682.3,17128479.58,7136866.491,,,0.5765
2044/8/1,,-14857180.85,-14857180.85,17142900.98,7142875.409,,,0.575
2044/9/1,,-14903382.75,-14903382.75,17196210.87,7165087.86,,,0.5734
2044/10/1,,-15030372.11,-15030372.11,17342737.05,7226140.438,,,0.5719
2044/11/1,,-15139228.93,-15139228.93,17468341.07,7278475.446,,,0.5703
2044/12/1,,-15172381.93,-15172381.93,17506594.54,7294414.39,,,0.5688
2045/1/1,,-15325576.2,-15325576.2,17683357.15,7368065.479,,,0.5673
2045/2/1,,-15381908.62,-15381908.62,17748356.11,7395148.377,,,0.5658
2045/3/1,,-15456757.85,-15456757.85,17834720.6,7431133.581,,,0.5643
2045/4/1,,-15641434.4,-15641434.4,18047808.92,7519920.383,,,0.5628
2045/5/1,,-15784812.92,-15784812.92,18213245.68,7588852.366,,,0.5613
2045/6/1,,-15879684.18,-15879684.18,18322712.51,7634463.547,,,0.5598
2045/7/1,,-15953328.25,-15953328.25,18407686.44,7669869.35,,,0.5583
2045/8/1,,-15960837.38,-15960837.38,18416350.82,7673479.507,,,0.5568
2045/9/1,,-16005079.55,-16005079.55,18467399.48,7694749.784,,,0.5553
2045/10/1,,-16136923.58,-16136923.58,18619527.21,7758136.339,,,0.5539
2045/11/1,,-16249045.98,-16249045.98,18748899.21,7812041.338,,,0.5524
2045/12/1,,-16280488.11,-16280488.11,18785178.59,7827157.745,,,0.5509
2046/1/1,,-16488721.28,-16488721.28,19025447.63,7927269.846,,,0.5496
2046/2/1,,-16511726.03,-16511726.03,19051991.57,7938329.821,,,0.5484
2046/3/1,,-16571363.13,-16571363.13,19120803.61,7967001.504,,,0.5471
2046/4/1,,-16764935.9,-16764935.9,19344156.81,8060065.338,,,0.5458
2046/5/1,,-16914589.42,-16914589.42,19516833.95,8132014.145,,,0.5445
2046/6/1,,-17012397.2,-17012397.2,19629689.08,8179037.115,,,0.5433
2046/7/1,,-17084136.11,-17084136.11,19712464.74,8213526.977,,,0.542
2046/8/1,,-17089315.4,-17089315.4,19718440.85,8216017.019,,,0.5407
2046/9/1,,-17131670.09,-17131670.09,19767311.64,8236379.85,,,0.5395
2046/10/1,,-17266411.38,-17266411.38,19922782.36,8301159.317,,,0.5382
2046/11/1,,-17381484.77,-17381484.77,20055559.35,8356483.061,,,0.537
2046/12/1,,-17410803.18,-17410803.18,20089388.29,8370578.453,,,0.5357
2047/1/1,,-17578293.38,-17578293.38,20282646.2,8451102.585,,,0.5344
2047/2/1,,-17634773.05,-17634773.05,20347815.06,8478256.273,,,0.5331
2047/3/1,,-17711933.22,-17711933.22,20436846.02,8515352.509,,,0.5318
2047/4/1,,-17914974.12,-17914974.12,20671123.99,8612968.329,,,0.5305
2047/5/1,,-18068607.95,-18068607.95,20848393.79,8686830.745,,,0.5292
2047/6/1,,-18166813.09,-18166813.09,20961707.42,8734044.757,,,0.5279
2047/7/1,,-18239305.56,-18239305.56,21045352.57,8768896.902,,,0.5266
2047/8/1,,-18339389.76,-18339389.76,21160834.34,8817014.307,,,0.5253
2047/9/1,,-18273760.42,-18273760.42,21085108.18,8785461.741,,,0.524
2047/10/1,,-18414354.68,-18414354.68,21247332.32,8853055.133,,,0.5227
2047/11/1,,-18532833.86,-18532833.86,21384039.07,8910016.281,,,0.5214
2047/12/1,,-18558679.43,-18558679.43,21413860.88,8922442.034,,,0.5202
2048/1/1,,-18733037.42,-18733037.42,21615043.17,9006267.989,,,0.5188
2048/2/1,,-18820527.42,-18820527.42,21715993.18,9048330.49,,,0.5175
2048/3/1,,-18868520.05,-18868520.05,21771369.29,9071403.872,,,0.5161
2048/4/1,,-19081031.8,-19081031.8,22016575.16,9173572.983,,,0.5148
2048/5/1,,-19235822.9,-19235822.9,22195180.27,9247991.778,,,0.5134
2048/6/1,,-19353209.61,-19353209.61,22330626.47,9304427.697,,,0.5121
2048/7/1,,-19407614.41,-19407614.41,22393401.24,9330583.851,,,0.5108
2048/8/1,,-19414637.81,-19414637.81,22401505.16,9333960.483,,,0.5094
2048/9/1,,-19434146.44,-19434146.44,22424015.12,9343339.632,,,0.5081
2048/10/1,,-19580348.97,-19580348.97,22592710.35,9413629.314,,,0.5068
2048/11/1,,-19698031.19,-19698031.19,22728497.53,9470207.304,,,0.5055
2048/12/1,,-19738904.34,-19738904.34,22775658.85,9489857.856,,,0.5042
2049/1/1,,-19905125.76,-19905125.76,22967452.8,9569771.999,,,0.5028
2049/2/1,,-19957783.07,-19957783.07,23028211.23,9595088.014,,,0.5014
2049/3/1,,-20032743.28,-20032743.28,23114703.78,9631126.575,,,0.5
2049/4/1,,-20250488.44,-20250488.44,23365948.21,9735811.752,,,0.4986
2049/5/1,,-20421058.33,-20421058.33,23562759.62,9817816.506,,,0.4972
2049/6/1,,-20525171.59,-20525171.59,23682890.3,9867870.957,,,0.4958
2049/7/1,,-20587343.15,-20587343.15,23754626.72,9897761.132,,,0.4945
2049/8/1,,-20575138.66,-20575138.66,23740544.61,9891893.589,,,0.4931
2049/9/1,,-20604911.94,-20604911.94,23774898.39,9906207.662,,,0.4917
2049/10/1,,-20752042.58,-20752042.58,23944664.51,9976943.546,,,0.4904
2049/11/1,,-20888761.12,-20888761.12,24102416.67,10042673.61,,,0.489
2049/12/1,,-20892139.23,-20892139.23,24106314.5,10044297.71,,,0.4876
2050/1/1,,-21081728.26,-21081728.26,24325071.07,10135446.28,,,0.4862
2050/2/1,,-21149884.57,-21149884.57,24403712.96,10168213.73,,,0.4847
2050/3/1,,-21225499.03,-21225499.03,24490960.42,10204566.84,,,0.4833
2050/4/1,,-21431445.05,-21431445.05,24728590.44,10303579.35,,,0.4819
2050/5/1,,-21604861.45,-21604861.45,24928686.29,10386952.62,,,0.4804
2050/6/1,,-21705280.4,-21705280.4,25044554.31,10435230.96,,,0.479
2050/7/1,,-21807745.84,-21807745.84,25162783.66,10484493.19,,,0.4776
2050/8/1,,-21753621.57,-21753621.57,25100332.58,10458471.91,,,0.4762
2050/9/1,,-21777818.78,-21777818.78,25128252.44,10470105.18,,,0.4747
2050/10/1,,-21927427.08,-21927427.08,25300877.4,10542032.25,,,0.4733
2050/11/1,,-22052771.42,-22052771.42,25445505.48,10602293.95,,,0.4719
2050/12/1,,-22065127.68,-22065127.68,25459762.71,10608234.46,,,0.4705
2051/1/1,,-22258769.15,-22258769.15,25683195.17,10701331.32,,,0.469
2051/2/1,,-22309402.77,-22309402.77,25741618.58,10725674.41,,,0.4675
2051/3/1,,-22380383.01,-22380383.01,25823518.86,10759799.52,,,0.466
2051/4/1,,-22612781.87,-22612781.87,26091671.39,10871529.74,,,0.4645
2051/5/1,,-22788258.96,-22788258.96,26294144.95,10955893.73,,,0.463
2051/6/1,,-22889557.67,-22889557.67,26411028.08,11004595.03,,,0.4616
2051/7/1,,-22954738.66,-22954738.66,26486236.91,11035932.05,,,0.4601
2051/8/1,,-22930261.67,-22930261.67,26457994.23,11024164.26,,,0.4586
2051/9/1,,-22946904.69,-22946904.69,26477197.72,11032165.72,,,0.4571
2051/10/1,,-23107674.53,-23107674.53,26662701.38,11109458.91,,,0.4557
2051/11/1,,-23237275.51,-23237275.51,26812240.97,11171767.07,,,0.4542
2051/12/1,,-23230397.89,-23230397.89,26804305.26,11168460.52,,,0.4528
2052/1/1,,-23432271.92,-23432271.92,27037236.83,11265515.34,,,0.4512
2052/2/1,,-23477324.35,-23477324.35,27089220.4,11287175.17,,,0.4496
2052/3/1,,-23547389.25,-23547389.25,27170064.52,11320860.22,,,0.4481
2052/4/1,,-23785748.02,-23785748.02,27445093.87,11435455.78,,,0.4465
2052/5/1,,-23966508.45,-23966508.45,27653663.6,11522359.83,,,0.445
2052/6/1,,-24099344.88,-24099344.88,27806936.4,11586223.5,,,0.4435
2052/7/1,,-24123309.38,-24123309.38,27834587.75,11597744.9,,,0.4419
2052/8/1,,-24099536.35,-24099536.35,27807157.32,11586315.55,,,0.4404
2052/9/1,,-24101816.66,-24101816.66,27809788.46,11587411.86,,,0.4389
2052/10/1,,-24271934.59,-24271934.59,28006078.37,11669199.32,,,0.4374
2052/11/1,,-24391378.71,-24391378.71,28143898.51,11726624.38,,,0.4359
2052/12/1,,-24381890.23,-24381890.23,28132950.26,11722062.61,,,0.4344
2053/1/1,,-24587450.69,-24587450.69,28370135.41,11820889.75,,,0.4327
2053/2/1,,-24630940.8,-24630940.8,28420316.31,11841798.46,,,0.4311
2053/3/1,,-24699582.31,-24699582.31,28499518.06,11874799.19,,,0.4295
2053/4/1,,-25005306.1,-25005306.1,28852276.27,12021781.78,,,0.4279
2053/5/1,,-25136728.84,-25136728.84,29003917.9,12084965.79,,,0.4263
2053/6/1,,-25249782.35,-25249782.35,29134364.25,12139318.44,,,0.4247
2053/7/1,,-25304776.62,-25304776.62,29197819.17,12165757.99,,,0.4232
2053/8/1,,-25240547.25,-25240547.25,29123708.37,12134878.49,,,0.4216
2053/9/1,,-25255086.43,-25255086.43,29140484.34,12141868.48,,,0.42
2053/10/1,,-25451533.96,-25451533.96,29367154.57,12236314.4,,,0.4184
2053/11/1,,-25527453.67,-25527453.67,29454754.23,12272814.26,,,0.4169
2053/12/1,,-25510225.11,-25510225.11,29434875.13,12264531.3,,,0.4153
2054/1/1,,-25728871.5,-25728871.5,29687159.42,12369649.76,,,0.4137
2054/2/1,,-25766307.09,-25766307.09,29730354.34,12387647.64,,,0.412
2054/3/1,,-25816827.48,-25816827.48,29788647.09,12411936.29,,,0.4103
2054/4/1,,-26073684.79,-26073684.79,30085020.92,12535425.38,,,0.4087
2054/5/1,,-26268666.83,-26268666.83,30310000.19,12629166.74,,,0.407
2054/6/1,,-26368492.67,-26368492.67,30425183.85,12677159.94,,,0.4054
2054/7/1,,-26425752.02,-26425752.02,30491252.33,12704688.47,,,0.4038
2054/8/1,,-26356261.85,-26356261.85,30411071.36,12671279.74,,,0.4021
2054/9/1,,-26357949.08,-26357949.08,30413018.17,12672090.9,,,0.4005
2054/10/1,,-26519572.55,-26519572.55,30599506.79,12749794.5,,,0.3989
2054/11/1,,-26624873.04,-26624873.04,30721007.36,12800419.73,,,0.3973
2054/12/1,,-26611977.5,-26611977.5,30706127.89,12794219.95,,,0.3957
2055/1/1,,-26822696.03,-26822696.03,30949264.65,12895526.94,,,0.394
2055/2/1,,-26860169.58,-26860169.58,30992503.37,12913543.07,,,0.3923
2055/3/1,,-26939246.06,-26939246.06,31083745.46,12951560.61,,,0.3906
2055/4/1,,-27188172.86,-27188172.86,31370968.68,13071236.95,,,0.3889
2055/5/1,,-27383083.68,-27383083.68,31595865.78,13164944.08,,,0.3872
2055/6/1,,-27443161.28,-27443161.28,31665186.1,13193827.54,,,0.3855
2055/7/1,,-27527500.99,-27527500.99,31762501.15,13234375.48,,,0.3838
2055/8/1,,-27436307.07,-27436307.07,31657277.39,13190532.24,,,0.3821
2055/9/1,,-27434672.07,-27434672.07,31655390.85,13189746.19,,,0.3805
2055/10/1,,-27612193.53,-27612193.53,31860223.3,13275093.04,,,0.3788
2055/11/1,,-27779407.34,-27779407.34,32053162.31,13355484.3,,,0.3772
2055/12/1,,-27667334.56,-27667334.56,31923847.56,13301603.15,,,0.3755
2056/1/1,,-27927070.95,-27927070.95,32223543.41,13426476.42,,,0.3738
2056/2/1,,-27920894.78,-27920894.78,32216417.05,13423507.1,,,0.372
2056/3/1,,-28004501.3,-28004501.3,32312886.11,13463702.55,,,0.3703
2056/4/1,,-28209403.59,-28209403.59,32549311.83,13562213.26,,,0.3685
2056/5/1,,-28424636.32,-28424636.32,32797657.29,13665690.54,,,0.3668
2056/6/1,,-28523426.35,-28523426.35,32911645.79,13713185.75,,,0.3651
2056/7/1,,-28692532.38,-28692532.38,33106768.13,13794486.72,,,0.3634
2056/8/1,,-28484023.93,-28484023.93,32866181.45,13694242.27,,,0.3617
2056/9/1,,-28445133.26,-28445133.26,32821307.61,13675544.84,,,0.36
2056/10/1,,-28637664.32,-28637664.32,33043458.83,13768107.85,,,0.3583
2056/11/1,,-28785727.95,-28785727.95,33214301.48,13839292.28,,,0.3566
2056/12/1,,-28684179.21,-28684179.21,33097129.86,13790470.78,,,0.3549
2057/1/1,,-28999767.67,-28999767.67,33461270.39,13942196,,,0.3532
2057/2/1,,-28926797.72,-28926797.72,33377074.29,13907114.29,,,0.3514
2057/3/1,,-29002393.21,-29002393.21,33464299.86,13943458.27,,,0.3496
2057/4/1,,-29224643.03,-29224643.03,33720741.96,14050309.15,,,0.3478
2057/5/1,,-29465538.79,-29465538.79,33998698.6,14166124.42,,,0.3461
2057/6/1,,-29579438.71,-29579438.71,34130121.59,14220884,,,0.3444
2057/7/1,,-29559339.95,-29559339.95,34106930.71,14211221.13,,,0.3426
2057/8/1,,-29505827.9,-29505827.9,34045186.04,14185494.18,,,0.3409
2057/9/1,,-29578958.22,-29578958.22,34129567.18,14220652.99,,,0.3392
2057/10/1,,-29602043.56,-29602043.56,34156204.1,14231751.71,,,0.3375
2057/11/1,,-29744153.93,-29744153.93,34320177.61,14300074.01,,,0.3358
2057/12/1,,-29678024.72,-29678024.72,34243874.68,14268281.12,,,0.3341
2058/1/1,,-29905768.26,-29905768.26,34506655.69,14377773.2,,,0.3323
2058/2/1,,-29921705.57,-29921705.57,34525044.89,14385435.37,,,0.3305
2058/3/1,,-30034154.04,-30034154.04,34654793.13,14439497.14,,,0.3287
2058/4/1,,-30356856.62,-30356856.62,35027142.25,14594642.61,,,0.3269
2058/5/1,,-30553490.62,-30553490.62,35254027.64,14689178.18,,,0.3251
2058/6/1,,-30554786.72,-30554786.72,35255523.14,14689801.31,,,0.3234
2058/7/1,,-30539902.87,-30539902.87,35238349.47,14682645.61,,,0.3216
2058/8/1,,-30452819.28,-30452819.28,35137868.4,14640778.5,,,0.3199
2058/9/1,,-30413055.17,-30413055.17,35091986.74,14621661.14,,,0.3182
2058/10/1,,-30644852.2,-30644852.2,35359444.85,14733102.02,,,0.3164
2058/11/1,,-30751986.1,-30751986.1,35483060.89,14784608.7,,,0.3147
2058/12/1,,-30608089.35,-30608089.35,35317026.18,14715427.57,,,0.313
2059/1/1,,-30940804.32,-30940804.32,35700928.06,14875386.69,,,0.3112
2059/2/1,,-30914170.05,-30914170.05,35670196.21,14862581.76,,,0.3094
2059/3/1,,-30927552.54,-30927552.54,35685637.54,14869015.64,,,0.3076
2059/4/1,,-31308851.48,-31308851.48,36125597.86,15052332.44,,,0.3059
2059/5/1,,-31520808.14,-31520808.14,36370163.23,15154234.68,,,0.3041
2059/6/1,,-31475601.65,-31475601.65,36318001.9,15132500.79,,,0.3023
2059/7/1,,-31423146.38,-31423146.38,36257476.59,15107281.91,,,0.3006
2059/8/1,,-31364967.51,-31364967.51,36190347.12,15079311.3,,,0.2988
2059/9/1,,-31270173.98,-31270173.98,36080969.97,15033737.49,,,0.2971
2059/10/1,,-31478762.51,-31478762.51,36321649.05,15134020.44,,,0.2954
2059/11/1,,-31572471.43,-31572471.43,36429774.72,15179072.8,,,0.2937
2059/12/1,,-31497790.57,-31497790.57,36343604.51,15143168.54,,,0.292
2060/1/1,,-31765385.14,-31765385.14,36652367.47,15271819.78,,,0.2902
2060/2/1,,-31740530.12,-31740530.12,36623688.61,15259870.25,,,0.2884
2060/3/1,,-31854774.76,-31854774.76,36755509.34,15314795.56,,,0.2866
2060/4/1,,-32069294.88,-32069294.88,37003032.56,15417930.23,,,0.2848
2060/5/1,,-32361874.98,-32361874.98,37340624.98,15558593.74,,,0.2831
2060/6/1,,-32282628.7,-32282628.7,37249186.96,15520494.57,,,0.2813
2060/7/1,,-32519589.67,-32519589.67,37522603.47,15634418.11,,,0.2796
2060/8/1,,-32098600.93,-32098600.93,37036847.22,15432019.68,,,0.2778
2060/9/1,,-32453533.49,-32453533.49,37446384.79,15602660.33,,,0.2761
2060/10/1,,-32293745.08,-32293745.08,37262013.56,15525838.98,,,0.2744
2060/11/1,,-32353276.52,-32353276.52,37330703.67,15554459.86,,,0.2727
2060/12/1,,-32266911.82,-32266911.82,37231052.1,15512938.37,,,0.271
2061/1/1,,-32554398.01,-32554398.01,37562766.93,15651152.89,,,0.2692
2061/2/1,,-32573424.75,-32573424.75,37584720.86,15660300.36,,,0.2675
2061/3/1,,-32568459.1,-32568459.1,37578991.26,15657913.03,,,0.2657
2061/4/1,,-33115713.35,-33115713.35,38210438.48,15921016.03,,,0.2639
2061/5/1,,-32986448.62,-32986448.62,38061286.87,15858869.53,,,0.2622
2061/6/1,,-33096287.78,-33096287.78,38188024.36,15911676.82,,,0.2605
2061/7/1,,-33017309.14,-33017309.14,38096895.16,15873706.32,,,0.2587
2061/8/1,,-32859395.37,-32859395.37,37914686.97,15797786.24,,,0.257
2061/9/1,,-32841620.31,-32841620.31,37894177.28,15789240.53,,,0.2553
2061/10/1,,-32985783.04,-32985783.04,38060518.89,15858549.54,,,0.2536
2061/11/1,,-33132773.69,-33132773.69,38230123.48,15929218.12,,,0.252
2061/12/1,,-32962036.45,-32962036.45,38033118.99,15847132.91,,,0.2503
2062/1/1,,-33267962.38,-33267962.38,38386110.44,15994212.68,,,0.2485
2062/2/1,,-33284083.7,-33284083.7,38404711.96,16001963.32,,,0.2468
2062/3/1,,-33306145.29,-33306145.29,38430167.64,16012569.85,,,0.2451
2062/4/1,,-33764435.47,-33764435.47,38958964.01,16232901.67,,,0.2433
2062/5/1,,-33960337.48,-33960337.48,39185004.78,16327085.33,,,0.2416
2062/6/1,,-33810202.92,-33810202.92,39011772.6,16254905.25,,,0.2399
2062/7/1,,-33722928.09,-33722928.09,38911070.87,16212946.19,,,0.2382
2062/8/1,,-33581658.5,-33581658.5,38748067.5,16145028.13,,,0.2365
2062/9/1,,-33567134.15,-33567134.15,38731308.64,16138045.27,,,0.2349
2062/10/1,,-33757938.43,-33757938.43,38951467.42,16229778.09,,,0.2332
2062/11/1,,-33737330.23,-33737330.23,38927688.72,16219870.3,,,0.2316
2062/12/1,,-33706508.85,-33706508.85,38892125.6,16205052.33,,,0.23
2063/1/1,,-33980702.12,-33980702.12,39208502.44,16336876.02,,,0.2282
2063/2/1,,-33910378.63,-33910378.63,39127359.96,16303066.65,,,0.2265
2063/3/1,,-33979487.83,-33979487.83,39207101.34,16336292.23,,,0.2248
2063/4/1,,-34350863.89,-34350863.89,39635612.18,16514838.41,,,0.2231
2063/5/1,,-34523477.54,-34523477.54,39834781.77,16597825.74,,,0.2215
2063/6/1,,-34472853.7,-34472853.7,39776369.66,16573487.36,,,0.2198
2063/7/1,,-34416364.73,-34416364.73,39711190.07,16546329.2,,,0.2181
2063/8/1,,-34142399.08,-34142399.08,39395075.87,16414614.94,,,0.2165
2063/9/1,,-34087186.92,-34087186.92,39331369.52,16388070.63,,,0.2149
2063/10/1,,-34296467.88,-34296467.88,39572847.56,16488686.48,,,0.2133
2063/11/1,,-34437416.32,-34437416.32,39735480.37,16556450.15,,,0.2117
2063/12/1,,-34268710.54,-34268710.54,39540819.85,16475341.6,,,0.2101
2064/1/1,,-34514576.11,-34514576.11,39824510.9,16593546.21,,,0.2084
2064/2/1,,-34464958.66,-34464958.66,39767260,16569691.67,,,0.2067
2064/3/1,,-34462589.61,-34462589.61,39764526.48,16568552.7,,,0.2051
2064/4/1,,-34882866.7,-34882866.7,40249461.57,16770608.99,,,0.2034
2064/5/1,,-34954214.69,-34954214.69,40331786.18,16804910.91,,,0.2018
2064/6/1,,-34946314.29,-34946314.29,40322670.34,16801112.64,,,0.2002
2064/7/1,,-34901129.33,-34901129.33,40270533.84,16779389.1,,,0.1986
2064/8/1,,-34714195.1,-34714195.1,40054840.5,16689516.88,,,0.197
2064/9/1,,-34729181.06,-34729181.06,40072131.99,16696721.66,,,0.1955
2064/10/1,,-34991365.01,-34991365.01,40374651.94,16822771.64,,,0.1939
2064/11/1,,-34870656.83,-34870656.83,40235373.27,16764738.86,,,0.1923
2064/12/1,,-34806316.02,-34806316.02,40161133.87,16733805.78,,,0.1908
2065/1/1,,-35066123.07,-35066123.07,40460911.23,16858713.01,,,0.1892
2065/2/1,,-34982949.61,-34982949.61,40364941.85,16818725.77,,,0.1876
2065/3/1,,-35015743.91,-35015743.91,40402781.44,16834492.27,,,0.186
2065/4/1,,-35431948.7,-35431948.7,40883017.73,17034590.72,,,0.1844
2065/5/1,,-35634579.46,-35634579.46,41116822.46,17132009.36,,,0.1828
2065/6/1,,-35457833.91,-35457833.91,40912885.28,17047035.53,,,0.1813
2065/7/1,,-35529937.77,-35529937.77,40996082.04,17081700.85,,,0.1798
2065/8/1,,-35249301.76,-35249301.76,40672271.26,16946779.69,,,0.1782
2065/9/1,,-35242203.67,-35242203.67,40664081.16,16943367.15,,,0.1767
2065/10/1,,-35430680.38,-35430680.38,40881554.29,17033980.95,,,0.1752
2065/11/1,,-35351082.61,-35351082.61,40789710.7,16995712.79,,,0.1737
2065/12/1,,-35238857.77,-35238857.77,40660220.51,16941758.54,,,0.1723
2066/1/1,,-35600567.16,-35600567.16,41077577.49,17115657.29,,,0.1716
2066/2/1,,-35369124.64,-35369124.64,40810528.43,17004386.84,,,0.171
2066/3/1,,-35380225.04,-35380225.04,40823336.59,17009723.58,,,0.1704
2066/4/1,,-35990595.25,-35990595.25,41527609.9,17303170.79,,,0.1697
2066/5/1,,-35902030.83,-35902030.83,41425420.19,17260591.75,,,0.1691
2066/6/1,,-36008354.5,-36008354.5,41548101.34,17311708.89,,,0.1685
2066/7/1,,-35808086.73,-35808086.73,41317023.14,17215426.31,,,0.1679
2066/8/1,,-35678867.88,-35678867.88,41167924.48,17153301.87,,,0.1673
2066/9/1,,-35631816.87,-35631816.87,41113634.85,17130681.19,,,0.1667
2066/10/1,,-35947878.15,-35947878.15,41478320.94,17282633.73,,,0.1661
2066/11/1,,-35928453.4,-35928453.4,41455907.77,17273294.9,,,0.1654
2066/12/1,,-35582635.31,-35582635.31,41056886.9,17107036.21,,,0.1648
2067/1/1,,-35891703.18,-35891703.18,41413503.67,17255626.53,,,0.1642
2067/2/1,,-35858120.45,-35858120.45,41374754.36,17239480.99,,,0.1636
2067/3/1,,-35851888.78,-35851888.78,41367563.97,17236484.99,,,0.163
2067/4/1,,-36186884,-36186884,41754096.92,17397540.38,,,0.1624
2067/5/1,,-36432606.5,-36432606.5,42037622.88,17515676.2,,,0.1618
2067/6/1,,-36338240.63,-36338240.63,41928739.19,17470307.99,,,0.1613
2067/7/1,,-36229486.7,-36229486.7,41803253.89,17418022.45,,,0.1607
2067/8/1,,-35987852.06,-35987852.06,41524444.68,17301851.95,,,0.1601
2067/9/1,,-36016354.51,-36016354.51,41557332.13,17315555.05,,,0.1595
2067/10/1,,-36223788.03,-36223788.03,41796678.49,17415282.7,,,0.1589
2067/11/1,,-36376445.47,-36376445.47,41972821.69,17488675.7,,,0.1583
2067/12/1,,-36150283.72,-36150283.72,41711865.83,17379944.1,,,0.1577
2068/1/1,,-36256517.65,-36256517.65,41834443.45,17431018.1,,,0.1572
2068/2/1,,-36092944.89,-36092944.89,41645705.64,17352377.35,,,0.1566
2068/3/1,,-36120867.53,-36120867.53,41677924.08,17365801.7,,,0.156
2068/4/1,,-36927940.08,-36927940.08,42609161.63,17753817.35,,,0.1554
2068/5/1,,-36840338.27,-36840338.27,42508082.61,17711701.09,,,0.1549
2068/6/1,,-36735321.81,-36735321.81,42386909.78,17661212.41,,,0.1543
2068/7/1,,-36532581.2,-36532581.2,42152978.31,17563740.96,,,0.1537
2068/8/1,,-36361258.17,-36361258.17,41955297.89,17481374.12,,,0.1532
2068/9/1,,-36367569.74,-36367569.74,41962580.47,17484408.53,,,0.1526
2068/10/1,,-36558486.34,-36558486.34,42182868.85,17576195.35,,,0.1521
2068/11/1,,-36448255.07,-36448255.07,42055678.93,17523199.55,,,0.1515
2068/12/1,,-36191969.59,-36191969.59,41759964.91,17399985.38,,,0.1509
2069/1/1,,-36868281.53,-36868281.53,42540324.84,17725135.35,,,0.1504
2069/2/1,,-36394995.91,-36394995.91,41994226.05,17497594.19,,,0.1498
2069/3/1,,-36781058.02,-36781058.02,42439682.33,17683200.97,,,0.1493
2069/4/1,,-36875564.98,-36875564.98,42548728.82,17728637.01,,,0.1487
2069/5/1,,-36944499.41,-36944499.41,42628268.55,17761778.56,,,0.1482
2069/6/1,,-36936617.54,-36936617.54,42619174.09,17757989.2,,,0.1477
2069/7/1,,-36967697.57,-36967697.57,42655035.66,17772931.53,,,0.1471
2069/8/1,,-36382017.61,-36382017.61,41979251.09,17491354.62,,,0.1466
2069/9/1,,-36358921.21,-36358921.21,41952601.4,17480250.58,,,0.146
2069/10/1,,-36757533.88,-36757533.88,42412539.09,17671891.29,,,0.1455
2069/11/1,,-36689198.98,-36689198.98,42333691.13,17639037.97,,,0.145
2069/12/1,,-36247400.53,-36247400.53,41823923.69,17426634.87,,,0.1444
2070/1/1,,-36530305.48,-36530305.48,42150352.47,17562646.86,,,0.1439
2070/2/1,,-36390935.88,-36390935.88,41989541.4,17495642.25,,,0.1434
2070/3/1,,-36832230.1,-36832230.1,42498727.03,17707802.93,,,0.1429
2070/4/1,,-37118223.89,-37118223.89,42828719.88,17845299.95,,,0.1423
2070/5/1,,-37008357.28,-37008357.28,42701950.71,17792479.46,,,0.1418
2070/6/1,,-36888991.53,-36888991.53,42564221,17735092.08,,,0.1413
2070/7/1,,-37126170.47,-37126170.47,42837889,17849120.42,,,0.1408
2070/8/1,,-36384732.74,-36384732.74,41982383.94,17492659.97,,,0.1403
2070/9/1,,-36356683.46,-36356683.46,41950019.38,17479174.74,,,0.1398
2070/10/1,,-37161955.25,-37161955.25,42879179.14,17866324.64,,,0.1392
2070/11/1,,-36488884.8,-36488884.8,42102559.39,17542733.08,,,0.1387
2070/12/1,,-36327800.59,-36327800.59,41916692.99,17465288.74,,,0.1382
2071/1/1,,-36932335.51,-36932335.51,42614233.28,17755930.53,,,0.1377
2071/2/1,,-36540951.33,-36540951.33,42162636.15,17567765.06,,,0.1372
2071/3/1,,-36454492.18,-36454492.18,42062875.59,17526198.16,,,0.1367
2071/4/1,,-37432000.12,-37432000.12,43190769.36,17996153.9,,,0.1362
2071/5/1,,-37073495.96,-37073495.96,42777110.72,17823796.13,,,0.1357
2071/6/1,,-37030712.2,-37030712.2,42727744.85,17803227.02,,,0.1352
2071/7/1,,-36794588.94,-36794588.94,42455294.93,17689706.22,,,0.1347
2071/8/1,,-36455309.55,-36455309.55,42063818.71,17526591.13,,,0.1342
2071/9/1,,-36468880.43,-36468880.43,42079477.42,17533115.59,,,0.1337
2071/10/1,,-36639074.84,-36639074.84,42275855.59,17614939.83,,,0.1332
2071/11/1,,-36759041.01,-36759041.01,42414278.09,17672615.87,,,0.1328
2071/12/1,,-36272943.5,-36272943.5,41853396.35,17438915.14,,,0.1323
2072/1/1,,-36858357.54,-36858357.54,42528874.09,17720364.2,,,0.1318
2072/2/1,,-36382777.14,-36382777.14,41980127.47,17491719.78,,,0.1313
2072/3/1,,-36390990.56,-36390990.56,41989604.5,17495668.54,,,0.1308
2072/4/1,,-36826654.1,-36826654.1,42492293.19,17705122.16,,,0.1303
2072/5/1,,-36897395.84,-36897395.84,42573918.28,17739132.62,,,0.1299
2072/6/1,,-36853262.12,-36853262.12,42522994.75,17717914.48,,,0.1294
2072/7/1,,-36764530.61,-36764530.61,42420612.24,17675255.1,,,0.1289
2072/8/1,,-36508989.4,-36508989.4,42125757,17552398.75,,,0.1285
2072/9/1,,-36188363.76,-36188363.76,41755804.34,17398251.81,,,0.128
2072/10/1,,-36361039.66,-36361039.66,41955045.76,17481269.07,,,0.1275
2072/11/1,,-36464079.83,-36464079.83,42073938.26,17530807.61,,,0.127
2072/12/1,,-36187521.48,-36187521.48,41754832.47,17397846.86,,,0.1266
2073/1/1,,-37181798.01,-37181798.01,42902074.63,17875864.43,,,0.1261
2073/2/1,,-36404071.61,-36404071.61,42004698.02,17501957.51,,,0.1257
2073/3/1,,-36420020.3,-36420020.3,42023100.35,17509625.15,,,0.1252
2073/4/1,,-37269338.44,-37269338.44,43003082.82,17917951.17,,,0.1247
2073/5/1,,-37033194.15,-37033194.15,42730608.64,17804420.27,,,0.1243
2073/6/1,,-37134798.27,-37134798.27,42847844.15,17853268.4,,,0.1238
2073/7/1,,-36624483.47,-36624483.47,42259019.39,17607924.75,,,0.1234
2073/8/1,,-36377891.8,-36377891.8,41974490.54,17489371.06,,,0.1229
2073/9/1,,-36153747.91,-36153747.91,41715862.98,17381609.57,,,0.1225
2073/10/1,,-36544783.27,-36544783.27,42167057.62,17569607.34,,,0.122
2073/11/1,,-36580580.05,-36580580.05,42208361.6,17586817.33,,,0.1216
2073/12/1,,-36202977.2,-36202977.2,41772666,17405277.5,,,0.1211
2074/1/1,,-36666053.93,-36666053.93,42306985.3,17627910.54,,,0.1207
2074/2/1,,-36313555.44,-36313555.44,41900256.27,17458440.11,,,0.1202
2074/3/1,,-36276326.17,-36276326.17,41857299.42,17440541.43,,,0.1198
2074/4/1,,-36974681.52,-36974681.52,42663094.07,17776289.19,,,0.1194
2074/5/1,,-37029816.79,-37029816.79,42726711.68,17802796.53,,,0.1189
2074/6/1,,-36654293.99,-36654293.99,42293416.14,17622256.73,,,0.1185
2074/7/1,,-36475424.24,-36475424.24,42087027.96,17536261.65,,,0.1181
2074/8/1,,-36125869.31,-36125869.31,41683695.36,17368206.4,,,0.1176
2074/9/1,,-36183644.21,-36183644.21,41750358.71,17395982.79,,,0.1172
2074/10/1,,-36343923.5,-36343923.5,41935296.35,17473040.15,,,0.1168
2074/11/1,,-36508226.45,-36508226.45,42124876.67,17552031.95,,,0.1163
2074/12/1,,-35877756.05,-35877756.05,41397410.83,17248921.18,,,0.1159
2075/1/1,,-36259023.45,-36259023.45,41837334.75,17432222.81,,,0.1155
2075/2/1,,-36034349.37,-36034349.37,41578095.43,17324206.43,,,0.1151
2075/3/1,,-36216285.03,-36216285.03,41788021.18,17411675.49,,,0.1146
2075/4/1,,-36609697.52,-36609697.52,42241958.67,17600816.11,,,0.1142
2075/5/1,,-36962208.97,-36962208.97,42648702.66,17770292.78,,,0.1138
2075/6/1,,-36632423.15,-36632423.15,42268180.55,17611741.9,,,0.1134
2075/7/1,,-36480669.99,-36480669.99,42093080.75,17538783.65,,,0.113
2075/8/1,,-35768599.44,-35768599.44,41271460.89,17196442.04,,,0.1126
2075/9/1,,-35768075.67,-35768075.67,41270856.54,17196190.23,,,0.1121
2075/10/1,,-36240090.48,-36240090.48,41815489.01,17423120.42,,,0.1117
2075/11/1,,-36067212.27,-36067212.27,41616014.16,17340005.9,,,0.1113
2075/12/1,,-35596315.96,-35596315.96,41072672.27,17113613.44,,,0.1109
2076/1/1,,-36246889.33,-36246889.33,41823333.84,17426389.1,,,0.1105
2076/2/1,,-36054118.92,-36054118.92,41600906.44,17333711.02,,,0.1101
2076/3/1,,-35840554.98,-35840554.98,41354486.52,17231036.05,,,0.1097
2076/4/1,,-36144639.21,-36144639.21,41705352.94,17377230.39,,,0.1093
2076/5/1,,-36324313.29,-36324313.29,41912669.18,17463612.16,,,0.1089
2076/6/1,,-36246169.4,-36246169.4,41822503.15,17426042.98,,,0.1085
2076/7/1,,-36025725.86,-36025725.86,41568145.22,17320060.51,,,0.1081
2076/8/1,,-35589600.42,-35589600.42,41064923.56,17110384.82,,,0.1077
2076/9/1,,-35470277.64,-35470277.64,40927243.44,17053018.1,,,0.1073
2076/10/1,,-35751981.13,-35751981.13,41252285.91,17188452.46,,,0.1069
2076/11/1,,-35858044.6,-35858044.6,41374666.84,17239444.52,,,0.1065
2076/12/1,,-35398619.15,-35398619.15,40844560.55,17018566.9,,,0.1061
2077/1/1,,-36054541.3,-36054541.3,41601393.81,17333914.09,,,0.1058
2077/2/1,,-35524982.11,-35524982.11,40990363.98,17079318.32,,,0.1054
2077/3/1,,-35595255.67,-35595255.67,41071448.85,17113103.69,,,0.105
2077/4/1,,-36014822.65,-36014822.65,41555564.6,17314818.58,,,0.1046
2077/5/1,,-36038854.06,-36038854.06,41583293.14,17326372.14,,,0.1042
2077/6/1,,-36011820.81,-36011820.81,41552100.93,17313375.39,,,0.1038
2077/7/1,,-35607995.54,-35607995.54,41086148.7,17119228.63,,,0.1035
2077/8/1,,-35522333.55,-35522333.55,40987307.95,17078044.98,,,0.1031
2077/9/1,,-35217645.45,-35217645.45,40635744.74,16931560.31,,,0.1027
2077/10/1,,-35559224.65,-35559224.65,41029874.59,17095781.08,,,0.1023
2077/11/1,,-35520141.25,-35520141.25,40984778.36,17076990.98,,,0.1019
2077/12/1,,-35277780.26,-35277780.26,40705131.07,16960471.28,,,0.1016
2078/1/1,,-35614709.83,-35614709.83,41093895.96,17122456.65,,,0.1012
2078/2/1,,-35051899.26,-35051899.26,40444499.14,16851874.64,,,0.1008
2078/3/1,,-35306952.38,-35306952.38,40738791.21,16974496.34,,,0.1005
2078/4/1,,-35961845.2,-35961845.2,41494436.77,17289348.65,,,0.1001
2078/5/1,,-36013660.24,-36013660.24,41554223.35,17314259.73,,,0.0997
2078/6/1,,-35678921.96,-35678921.96,41167986.88,17153327.87,,,0.0994
2078/7/1,,-35415462.88,-35415462.88,40863995.63,17026664.84,,,0.099
2078/8/1,,-35035891.68,-35035891.68,40426028.86,16844178.69,,,0.0986
2078/9/1,,-34856589.21,-34856589.21,40219141.4,16757975.58,,,0.0983
2078/10/1,,-35296213.01,-35296213.01,40726399.63,16969333.18,,,0.0979
2078/11/1,,-35138424.08,-35138424.08,40544335.47,16893473.11,,,0.0976
2078/12/1,,-34799131.15,-34799131.15,40152843.64,16730351.52,,,0.0972
2079/1/1,,-35546037.86,-35546037.86,41014659.07,17089441.28,,,0.0968
2079/2/1,,-35177397.46,-35177397.46,40589304.76,16912210.32,,,0.0965
2079/3/1,,-35055249.12,-35055249.12,40448364.37,16853485.15,,,0.0961
2079/4/1,,-35779937.01,-35779937.01,41284542.7,17201892.79,,,0.0958
2079/5/1,,-35629009.54,-35629009.54,41110395.62,17129331.51,,,0.0954
2079/6/1,,-35321492.48,-35321492.48,40755568.24,16981486.77,,,0.0951
2079/7/1,,-35059950.76,-35059950.76,40453789.34,16855745.56,,,0.0947
2079/8/1,,-34682173.23,-34682173.23,40017892.19,16674121.75,,,0.0944
2079/9/1,,-34772565.27,-34772565.27,40122190.7,16717579.46,,,0.094
2079/10/1,,-35448989.84,-35448989.84,40902680.58,17042783.58,,,0.0937
2079/11/1,,-34820138.55,-34820138.55,40177082.94,16740451.23,,,0.0934
2079/12/1,,-34829122.88,-34829122.88,40187449.47,16744770.61,,,0.093
2080/1/1,,-34807983.86,-34807983.86,40163058.3,16734607.63,,,0.0927
2080/2/1,,-34516761.98,-34516761.98,39827033.06,16594597.11,,,0.0923
2080/3/1,,-34715128.22,-34715128.22,40055917.18,16689965.49,,,0.092
2080/4/1,,-35256686.45,-35256686.45,40680792.05,16950330.02,,,0.0917
2080/5/1,,-35303163.75,-35303163.75,40734419.71,16972674.88,,,0.0913
2080/6/1,,-35119090.78,-35119090.78,40522027.82,16884178.26,,,0.091
2080/7/1,,-34974840.78,-34974840.78,40355585.52,16814827.3,,,0.0907
2080/8/1,,-34511961.57,-34511961.57,39821494.12,16592289.21,,,0.0903
2080/9/1,,-34387954.66,-34387954.66,39678409.23,16532670.51,,,0.09
2080/10/1,,-35197040.35,-35197040.35,40611969.63,16921654.01,,,0.0897
2080/11/1,,-34604822.74,-34604822.74,39928641.63,16636934.01,,,0.0893
2080/12/1,,-34095692.65,-34095692.65,39341183.83,16392159.93,,,0.089
2081/1/1,,-34757420.39,-34757420.39,40104715.84,16710298.26,,,0.0887
2081/2/1,,-34246285.49,-34246285.49,39514944.8,16464560.33,,,0.0884
2081/3/1,,-34315363.02,-34315363.02,39594649.64,16497770.68,,,0.088
2081/4/1,,-35061456.74,-35061456.74,40455527.01,16856469.59,,,0.0877
2081/5/1,,-35001712.01,-35001712.01,40386590.78,16827746.16,,,0.0874
2081/6/1,,-34712535.59,-34712535.59,40052925.68,16688719.03,,,0.0871
2081/7/1,,-34634603.89,-34634603.89,39963004.49,16651251.87,,,0.0868
2081/8/1,,-34325245.87,-34325245.87,39606052.93,16502522.06,,,0.0864
2081/9/1,,-34221830.62,-34221830.62,39486727.64,16452803.18,,,0.0861
2081/10/1,,-34513180.5,-34513180.5,39822900.58,16592875.24,,,0.0858
2081/11/1,,-35422887.8,-35422887.8,40872562.84,17030234.52,,,0.0855
2081/12/1,,-34182742.94,-34182742.94,39441626.47,16434011.03,,,0.0852
2082/1/1,,-34339573.09,-34339573.09,39622584.34,16509410.14,,,0.0849
2082/2/1,,-34281668.79,-34281668.79,39555771.68,16481571.53,,,0.0846
2082/3/1,,-34229272.49,-34229272.49,39495314.42,16456381.01,,,0.0842
2082/4/1,,-34983550.12,-34983550.12,40365634.76,16819014.48,,,0.0839
2082/5/1,,-34562498.51,-34562498.51,39879805.97,16616585.82,,,0.0836
2082/6/1,,-34655328.66,-34655328.66,39986917.68,16661215.7,,,0.0833
2082/7/1,,-34540076.7,-34540076.7,39853934.65,16605806.11,,,0.083
2082/8/1,,-34068026.81,-34068026.81,39309261.71,16378859.04,,,0.0827
2082/9/1,,-34095422.84,-34095422.84,39340872.51,16392030.21,,,0.0824
2082/10/1,,-34175653.27,-34175653.27,39433446.08,16430602.53,,,0.0821
2082/11/1,,-34504998.13,-34504998.13,39813459.39,16588941.41,,,0.0818
2082/12/1,,-33823163.99,-33823163.99,39026727.68,16261136.53,,,0.0815
2083/1/1,,-35112814.27,-35112814.27,40514785.7,16881160.71,,,0.0812
2083/2/1,,-34023305,-34023305,39257659.62,16357358.17,,,0.0809
2083/3/1,,-33988852.18,-33988852.18,39217906.36,16340794.32,,,0.0806
2083/4/1,,-34753261.18,-34753261.18,40099916.75,16708298.65,,,0.0803
2083/5/1,,-34974348.55,-34974348.55,40355017.56,16814590.65,,,0.08
2083/6/1,,-34668140.43,-34668140.43,40001700.49,16667375.21,,,0.0797
2083/7/1,,-34400471.31,-34400471.31,39692851.51,16538688.13,,,0.0794
2083/8/1,,-33843026.83,-33843026.83,39049646.34,16270685.97,,,0.0792
2083/9/1,,-33822623.98,-33822623.98,39026104.59,16260876.91,,,0.0789
2083/10/1,,-34434709.33,-34434709.33,39732356.91,16555148.71,,,0.0786
2083/11/1,,-34228934.8,-34228934.8,39494924.77,16456218.66,,,0.0783
2083/12/1,,-33695772.86,-33695772.86,38879737.91,16199890.8,,,0.078
2084/1/1,,-34023955.2,-34023955.2,39258409.85,16357670.77,,,0.0777
2084/2/1,,-33911640.64,-33911640.64,39128816.12,16303673.38,,,0.0774
2084/3/1,,-34074623.94,-34074623.94,39316873.78,16382030.74,,,0.0771
2084/4/1,,-34631861.3,-34631861.3,39959839.96,16649933.32,,,0.0769
2084/5/1,,-34954318.97,-34954318.97,40331906.5,16804961.04,,,0.0766
2084/6/1,,-34383968.1,-34383968.1,39673809.35,16530753.9,,,0.0763
2084/7/1,,-34133745.58,-34133745.58,39385091.06,16410454.61,,,0.076
2084/8/1,,-33947046.81,-33947046.81,39169669.39,16320695.58,,,0.0757
2084/9/1,,-33875784.15,-33875784.15,39087443.25,16286434.69,,,0.0755
2084/10/1,,-34140395.69,-34140395.69,39392764.25,16413651.77,,,0.0752
2084/11/1,,-34039956.34,-34039956.34,39276872.7,16365363.63,,,0.0749
2084/12/1,,-33634064.2,-33634064.2,38808535.61,16170223.17,,,0.0746
2085/1/1,,-34190706.3,-34190706.3,39450814.96,16437839.57,,,0.0744
2085/2/1,,-34026065.1,-34026065.1,39260844.35,16358685.15,,,0.0741
2085/3/1,,-33805987.68,-33805987.68,39006908.87,16252878.69,,,0.0738
2085/4/1,,-34508880.29,-34508880.29,39817938.8,16590807.83,,,0.0736
2085/5/1,,-35019892.35,-35019892.35,40407568.1,16836486.71,,,0.0733
2085/6/1,,-34310350.9,-34310350.9,39588866.42,16495361.01,,,0.073
2085/7/1,,-34346596.16,-34346596.16,39630687.88,16512786.62,,,0.0727
2085/8/1,,-33583640.3,-33583640.3,38750354.19,16145980.91,,,0.0725
2085/9/1,,-33619204.39,-33619204.39,38791389.68,16163079.03,,,0.0722
2085/10/1,,-34081969.19,-34081969.19,39325349.07,16385562.11,,,0.072
2085/11/1,,-33848093.1,-33848093.1,39055492.04,16273121.68,,,0.0717
2085/12/1,,-33674185.41,-33674185.41,38854829.32,16189512.22,,,0.0714
2086/1/1,,-34285624.59,-34285624.59,39560336.07,16483473.36,,,0.0712
2086/2/1,,-34086223.95,-34086223.95,39330258.4,16387607.67,,,0.0709
2086/3/1,,-34128838.27,-34128838.27,39379428.77,16408095.32,,,0.0706
2086/4/1,,-34464851.82,-34464851.82,39767136.72,16569640.3,,,0.0704
2086/5/1,,-34504318,-34504318,39812674.61,16588614.42,,,0.0701
2086/6/1,,-34396034.52,-34396034.52,39687732.14,16536555.06,,,0.0699
2086/7/1,,-34134245.36,-34134245.36,39385667.72,16410694.89,,,0.0696
2086/8/1,,-33848234.33,-33848234.33,39055654.99,16273189.58,,,0.0694
2086/9/1,,-33858959.26,-33858959.26,39068029.92,16278345.8,,,0.0691
2086/10/1,,-34325602.25,-34325602.25,39606464.14,16502693.39,,,0.0689
2086/11/1,,-34200671.03,-34200671.03,39462312.72,16442630.3,,,0.0686
2086/12/1,,-33892941.8,-33892941.8,39107240.54,16294683.56,,,0.0683
2087/1/1,,-34273803.28,-34273803.28,39546696.09,16477790.04,,,0.0681
2087/2/1,,-34168669.96,-34168669.96,39425388.41,16427245.17,,,0.0678
2087/3/1,,-34309922.26,-34309922.26,39588371.83,16495154.93,,,0.0676
2087/4/1,,-35279429.1,-35279429.1,40707033.58,16961263.99,,,0.0674
2087/5/1,,-35186527.43,-35186527.43,40599839.34,16916599.73,,,0.0671
2087/6/1,,-34840594.75,-34840594.75,40200686.25,16750285.94,,,0.0669
2087/7/1,,-34550163.6,-34550163.6,39865573.38,16610655.58,,,0.0666
2087/8/1,,-34102463.99,-34102463.99,39348996.91,16395415.38,,,0.0664
2087/9/1,,-34115952.78,-34115952.78,39364560.9,16401900.37,,,0.0661
2087/10/1,,-34382611.88,-34382611.88,39672244.48,16530101.86,,,0.0659
2087/11/1,,-34436059.96,-34436059.96,39733915.34,16555798.06,,,0.0656
2087/12/1,,-34376863.63,-34376863.63,39665611.88,16527338.28,,,0.0654
2088/1/1,,-34520885.68,-34520885.68,39831791.17,16596579.66,,,0.0652
2088/2/1,,-34341214.75,-34341214.75,39624478.56,16510199.4,,,0.0649
2088/3/1,,-34187398.72,-34187398.72,39446998.53,16436249.39,,,0.0647
2088/4/1,,-35227548.05,-35227548.05,40647170.83,16936321.18,,,0.0645
2088/5/1,,-36538766.64,-36538766.64,42160115.36,17566714.73,,,0.0642
2088/6/1,,-34867808.23,-34867808.23,40232086.42,16763369.34,,,0.064
2088/7/1,,-34709735.9,-34709735.9,40049695.27,16687373.03,,,0.0637
2088/8/1,,-34088858.62,-34088858.62,39333298.4,16388874.33,,,0.0635
2088/9/1,,-34134838.37,-34134838.37,39386351.97,16410979.99,,,0.0633
2088/10/1,,-34644637.4,-34644637.4,39974581.62,16656075.68,,,0.0631
2088/11/1,,-34437397.66,-34437397.66,39735458.84,16556441.18,,,0.0628
2088/12/1,,-34205078.36,-34205078.36,39467398.1,16444749.21,,,0.0626
2089/1/1,,-34932432.52,-34932432.52,40306652.9,16794438.71,,,0.0624
2089/2/1,,-34656380.03,-34656380.03,39988130.81,16661721.17,,,0.0621
2089/3/1,,-34746529.75,-34746529.75,40092149.71,16705062.38,,,0.0619
2089/4/1,,-35209490.56,-35209490.56,40626335.26,16927639.69,,,0.0617
2089/5/1,,-36391993.81,-36391993.81,41990762.09,17496150.87,,,0.0615
2089/6/1,,-35040823.5,-35040823.5,40431719.42,16846549.76,,,0.0612
2089/7/1,,-35122312.03,-35122312.03,40525744.65,16885726.94,,,0.061
2089/8/1,,-34692415.68,-34692415.68,40029710.4,16679046,,,0.0608
2089/9/1,,-34800065.25,-34800065.25,40153921.44,16730800.6,,,0.0606
2089/10/1,,-35132511.57,-35132511.57,40537513.35,16890630.56,,,0.0603
2089/11/1,,-34733012.87,-34733012.87,40076553.31,16698563.88,,,0.0601
2089/12/1,,-34619766.33,-34619766.33,39945884.23,16644118.43,,,0.0599
2090/1/1,,-35121899.8,-35121899.8,40525269,16885528.75,,,0.0597
2090/2/1,,-34790209.55,-34790209.55,40142549.49,16726062.29,,,0.0595
2090/3/1,,-34828209.82,-34828209.82,40186395.94,16744331.64,,,0.0592
2090/4/1,,-35810677.24,-35810677.24,41320012.2,17216671.75,,,0.059
2090/5/1,,-35683809.12,-35683809.12,41173625.91,17155677.46,,,0.0588
2090/6/1,,-35401037.92,-35401037.92,40847351.44,17019729.77,,,0.0586
2090/7/1,,-35491372.06,-35491372.06,40951583.14,17063159.64,,,0.0584
2090/8/1,,-35116062.95,-35116062.95,40518534.18,16882722.57,,,0.0582
2090/9/1,,-35007180.52,-35007180.52,40392900.6,16830375.25,,,0.0579
2090/10/1,,-35324096.76,-35324096.76,40758573.19,16982738.83,,,0.0577
2090/11/1,,-36156138.28,-36156138.28,41718621.09,17382758.79,,,0.0575
2090/12/1,,-34892527.92,-34892527.92,40260609.14,16775253.81,,,0.0573
2091/1/1,,-35729727.17,-35729727.17,41226608.27,17177753.45,,,0.0571
2091/2/1,,-35288254.29,-35288254.29,40717216.49,16965506.87,,,0.0569
2091/3/1,,-35832520.55,-35832520.55,41345216.02,17227173.34,,,0.0567
2091/4/1,,-36423339.62,-36423339.62,42026930.33,17511220.97,,,0.0565
2091/5/1,,-36061844.89,-36061844.89,41609821.03,17337425.43,,,0.0563
2091/6/1,,-36159470.87,-36159470.87,41722466.39,17384361,,,0.0561
2091/7/1,,-35956624.23,-35956624.23,41488412.58,17286838.57,,,0.0559
2091/8/1,,-35461184.9,-35461184.9,40916751.81,17048646.59,,,0.0557
2091/9/1,,-35350409.86,-35350409.86,40788934.46,16995389.36,,,0.0555
2091/10/1,,-35933032.05,-35933032.05,41461190.83,17275496.18,,,0.0553
2091/11/1,,-35884950.94,-35884950.94,41405712.63,17252380.26,,,0.055
2091/12/1,,-35589522.28,-35589522.28,41064833.4,17110347.25,,,0.0548
2092/1/1,,-36100816.59,-36100816.59,41654788.38,17356161.82,,,0.0546
2092/2/1,,-35997657.85,-35997657.85,41535759.06,17306566.27,,,0.0544
2092/3/1,,-35765116.94,-35765116.94,41267442.62,17194767.76,,,0.0542
2092/4/1,,-37029467.13,-37029467.13,42726308.23,17802628.43,,,0.054
2092/5/1,,-36773192.57,-36773192.57,42430606.81,17679419.5,,,0.0539
2092/6/1,,-36860646.27,-36860646.27,42531514.93,17721464.55,,,0.0537
2092/7/1,,-36399881.54,-36399881.54,41999863.32,17499943.05,,,0.0535
2092/8/1,,-36301905.54,-36301905.54,41886814.08,17452839.2,,,0.0533
2092/9/1,,-36158010.27,-36158010.27,41720781.08,17383658.78,,,0.0531
2092/10/1,,-36322235.03,-36322235.03,41910271.19,17462613,,,0.0529
2092/11/1,,-36398344.04,-36398344.04,41998089.28,17499203.87,,,0.0527
2092/12/1,,-36119244.01,-36119244.01,41676050.78,17365021.16,,,0.0525
2093/1/1,,-36766534.07,-36766534.07,42422923.92,17676218.3,,,0.0523
2093/2/1,,-36477704.94,-36477704.94,42089659.55,17537358.15,,,0.0521
2093/3/1,,-36775657.98,-36775657.98,42433451.52,17680604.8,,,0.0519
2093/4/1,,-37313281.47,-37313281.47,43053786.32,17939077.63,,,0.0517
2093/5/1,,-37383317.71,-37383317.71,43134597.36,17972748.9,,,0.0515
2093/6/1,,-37286381.85,-37286381.85,43022748.29,17926145.12,,,0.0513
2093/7/1,,-36862527.64,-36862527.64,42533685.74,17722369.06,,,0.0512
2093/8/1,,-36649235.25,-36649235.25,42287579.13,17619824.64,,,0.051
2093/9/1,,-36509707.25,-36509707.25,42126585.29,17552743.87,,,0.0508
2093/10/1,,-37131628.29,-37131628.29,42844186.49,17851744.37,,,0.0506
2093/11/1,,-37055899.89,-37055899.89,42756807.56,17815336.48,,,0.0504
2093/12/1,,-36698370.63,-36698370.63,42344273.8,17643447.42,,,0.0502
2094/1/1,,-37604668.46,-37604668.46,43390002.07,18079167.53,,,0.05
2094/2/1,,-37035963.31,-37035963.31,42733803.82,17805751.59,,,0.0499
2094/3/1,,-37435397.59,-37435397.59,43194689.53,17997787.3,,,0.0497
2094/4/1,,-38037555.81,-38037555.81,43889487.47,18287286.45,,,0.0495
2094/5/1,,-37823224.69,-37823224.69,43642182.33,18184242.64,,,0.0493
2094/6/1,,-37805117.49,-37805117.49,43621289.41,18175537.26,,,0.0491
2094/7/1,,-37389241.85,-37389241.85,43141432.91,17975597.05,,,0.049
2094/8/1,,-37222079.53,-37222079.53,42948553.3,17895230.54,,,0.0488
2094/9/1,,-37318430.37,-37318430.37,43059727.35,17941553.06,,,0.0486
2094/10/1,,-37376987.39,-37376987.39,43127293.14,17969705.47,,,0.0484
2094/11/1,,-37496032.32,-37496032.32,43264652.68,18026938.62,,,0.0482
2094/12/1,,-37184800.57,-37184800.57,42905539.12,17877307.97,,,0.0481
2095/1/1,,-37636573.52,-37636573.52,43426815.6,18094506.5,,,0.0479
2095/2/1,,-37624112.71,-37624112.71,43412437.74,18088515.72,,,0.0477
2095/3/1,,-37611845.39,-37611845.39,43398283.15,18082617.98,,,0.0475
2095/4/1,,-38328350.75,-38328350.75,44225020.1,18427091.71,,,0.0474
2095/5/1,,-38736998.6,-38736998.6,44696536.84,18623557.02,,,0.0472
2095/6/1,,-38193413.92,-38193413.92,44069323.75,18362218.23,,,0.047
2095/7/1,,-38061904.68,-38061904.68,43917582.32,18298992.64,,,0.0468
2095/8/1,,-37752142.49,-37752142.49,43560164.41,18150068.51,,,0.0467
2095/9/1,,-37789729,-37789729,43603533.46,18168138.94,,,0.0465
2095/10/1,,-38216176.24,-38216176.24,44095587.97,18373161.65,,,0.0463
2095/11/1,,-38165059.24,-38165059.24,44036606.81,18348586.17,,,0.0462
2095/12/1,,-37877261.7,-37877261.7,43704532.73,18210221.97,,,0.046
2096/1/1,,-38189037.19,-38189037.19,44064273.68,18360114.03,,,0.0458
2096/2/1,,-38141244.13,-38141244.13,44009127.84,18337136.6,,,0.0457
2096/3/1,,-38133490.33,-38133490.33,44000181.15,18333408.81,,,0.0455
2096/4/1,,-38856189.83,-38856189.83,44834065.19,18680860.49,,,0.0453
2096/5/1,,-39015903.95,-39015903.95,45018350.71,18757646.13,,,0.0452
2096/6/1,,-39263207.5,-39263207.5,45303700.96,18876542.07,,,0.045
2096/7/1,,-38739938.9,-38739938.9,44699929.5,18624970.62,,,0.0448
2096/8/1,,-38339944.94,-38339944.94,44238398,18432665.83,,,0.0447
2096/9/1,,-38287059.61,-38287059.61,44177376.47,18407240.2,,,0.0445
2096/10/1,,-38452754.44,-38452754.44,44368562.82,18486901.17,,,0.0443
2096/11/1,,-38444688.32,-38444688.32,44359255.75,18483023.23,,,0.0442
2096/12/1,,-38334680.67,-38334680.67,44232323.85,18430134.94,,,0.044
2097/1/1,,-38799296.01,-38799296.01,44768418.47,18653507.7,,,0.0439
2097/2/1,,-38558816.14,-38558816.14,44490941.7,18537892.37,,,0.0437
2097/3/1,,-38721015.22,-38721015.22,44678094.48,18615872.7,,,0.0435
2097/4/1,,-39219893.19,-39219893.19,45253722.91,18855717.88,,,0.0434
2097/5/1,,-39413804.97,-39413804.97,45477467.28,18948944.7,,,0.0432
2097/6/1,,-39277585.76,-39277585.76,45320291.26,18883454.69,,,0.0431
2097/7/1,,-39127656.26,-39127656.26,45147295.68,18811373.2,,,0.0429
2097/8/1,,-38872042.04,-38872042.04,44852356.2,18688481.75,,,0.0427
2097/9/1,,-38692868.17,-38692868.17,44645617.12,18602340.47,,,0.0426
2097/10/1,,-39096036.78,-39096036.78,45110811.67,18796171.53,,,0.0424
2097/11/1,,-39050774.66,-39050774.66,45058586.14,18774410.89,,,0.0423
2097/12/1,,-38729047.84,-38729047.84,44687362.89,18619734.54,,,0.0421
2098/1/1,,-39155142.21,-39155142.21,45179010.24,18824587.6,,,0.042
2098/2/1,,-38871620.21,-38871620.21,44851869.47,18688278.95,,,0.0418
2098/3/1,,-39040229.13,-39040229.13,45046418.23,18769340.93,,,0.0417
2098/4/1,,-39983205.3,-39983205.3,46134467.65,19222694.86,,,0.0415
2098/5/1,,-39841050.61,-39841050.61,45970443.01,19154351.25,,,0.0414
2098/6/1,,-39574540.72,-39574540.72,45662931.6,19026221.5,,,0.0412
2098/7/1,,-39390657.58,-39390657.58,45450758.75,18937816.15,,,0.041
2098/8/1,,-39198429.82,-39198429.82,45228957.48,18845398.95,,,0.0409
2098/9/1,,-39061194.93,-39061194.93,45070609.54,18779420.64,,,0.0407
2098/10/1,,-39347035.2,-39347035.2,45400425.24,18916843.85,,,0.0406
2098/11/1,,-39266363.61,-39266363.61,45307342.63,18878059.43,,,0.0405
2098/12/1,,-39025238.13,-39025238.13,45029120.92,18762133.72,,,0.0403
2099/1/1,,-39435586.02,-39435586.02,45502599.25,18959416.36,,,0.0402
2099/2/1,,-39448168.68,-39448168.68,45517117.71,18965465.71,,,0.04
2099/3/1,,-39519500.19,-39519500.19,45599423.3,18999759.71,,,0.0399
2099/4/1,,-39804101.35,-39804101.35,45927809.25,19136587.19,,,0.0397
2099/5/1,,-39992558.03,-39992558.03,46145259.26,19227191.36,,,0.0396
2099/6/1,,-39885700.97,-39885700.97,46021962.66,19175817.77,,,0.0394
2099/7/1,,-39509195.65,-39509195.65,45587533.44,18994805.6,,,0.0393
2099/8/1,,-39313733.12,-39313733.12,45361999.76,18900833.23,,,0.0391
2099/9/1,,-39308737.98,-39308737.98,45356236.13,18898431.72,,,0.039
2099/10/1,,-40385315.93,-40385315.93,46598441.45,19416017.27,,,0.0389
2099/11/1,,-39681538.76,-39681538.76,45786390.87,19077662.86,,,0.0387
2099/12/1,,-39180275.84,-39180275.84,45208010.58,18836671.08,,,0.0386
2100/1/1,,-40061975.38,-40061975.38,46225356.21,19260565.09,,,0.0384
2100/2/1,,-39457615.08,-39457615.08,45528017.4,18970007.25,,,0.0383
2100/3/1,,-39257283.35,-39257283.35,45296865.41,18873693.92,,,0.0381
2100/4/1,,-39913418.66,-39913418.66,46053944.61,19189143.59,,,0.038
2100/5/1,,-39916449.28,-39916449.28,46057441.48,19190600.62,,,0.0379
2100/6/1,,-39851674.85,-39851674.85,45982701.75,19159459.06,,,0.0377
2100/7/1,,-39507805.53,-39507805.53,45585929.46,18994137.27,,,0.0376
2100/8/1,,-39250540.89,-39250540.89,45289085.64,18870452.35,,,0.0375
2100/9/1,,-39583184.91,-39583184.91,45672905.66,19030377.36,,,0.0373
2100/10/1,,-39428202.13,-39428202.13,45494079.38,18955866.41,,,0.0372
2100/11/1,,-39550902.4,-39550902.4,45635656.62,19014856.93,,,0.037
2100/12/1,,-39073614.14,-39073614.14,45084939.39,18785391.41,,,0.0369
2101/1/1,,-39409029.5,-39409029.5,45471957.12,18946648.8,,,0.0368
2101/2/1,,-39112324.47,-39112324.47,45129605.16,18804002.15,,,0.0366
2101/3/1,,-39124281,-39124281,45143401.15,18809750.48,,,0.0365
2101/4/1,,-39640324.62,-39640324.62,45738836.1,19057848.37,,,0.0364
2101/5/1,,-39696013.68,-39696013.68,45803092.71,19084621.96,,,0.0362
2101/6/1,,-40450170.74,-40450170.74,46673273.93,19447197.47,,,0.0361
2101/7/1,,-39735527.21,-39735527.21,45848685.25,19103618.85,,,0.036
2101/8/1,,-39112146.1,-39112146.1,45129399.35,18803916.39,,,0.0358
2101/9/1,,-38943967.48,-38943967.48,44935347.09,18723061.29,,,0.0357
2101/10/1,,-39409859.76,-39409859.76,45472915.1,18947047.96,,,0.0356
2101/11/1,,-39117201.91,-39117201.91,45135232.97,18806347.07,,,0.0354
2101/12/1,,-38810005.73,-38810005.73,44780775.84,18658656.6,,,0.0353
2102/1/1,,-39142727.18,-39142727.18,45164685.2,18818618.84,,,0.0352
2102/2/1,,-38920625,-38920625,44908413.46,18711838.94,,,0.0351
2102/3/1,,-38884136.08,-38884136.08,44866310.86,18694296.19,,,0.0349
2102/4/1,,-39186060.3,-39186060.3,45214684.97,18839452.07,,,0.0348
2102/5/1,,-39509099.83,-39509099.83,45587422.88,18994759.53,,,0.0347
2102/6/1,,-39393832.56,-39393832.56,45454422.18,18939342.58,,,0.0345
2102/7/1,,-39185895.99,-39185895.99,45214495.37,18839373.07,,,0.0344
2102/8/1,,-38790937.85,-38790937.85,44758774.44,18649489.35,,,0.0343
2102/9/1,,-38604922.66,-38604922.66,44544141.53,18560058.97,,,0.0342
2102/10/1,,-38828868.26,-38828868.26,44802540.3,18667725.13,,,0.034
2102/11/1,,-38659710.34,-38659710.34,44607358.08,18586399.2,,,0.0339
2102/12/1,,-38223703.72,-38223703.72,44104273.52,18376780.63,,,0.0338
2103/1/1,,-38763216.09,-38763216.09,44726787.8,18636161.58,,,0.0337
2103/2/1,,-38250502.16,-38250502.16,44135194.8,18389664.5,,,0.0335
2103/3/1,,-38428350.71,-38428350.71,44340404.66,18475168.61,,,0.0334
2103/4/1,,-38993822.91,-38993822.91,44992872.59,18747030.25,,,0.0333
2103/5/1,,-38875478.21,-38875478.21,44856321.02,18690133.76,,,0.0332
2103/6/1,,-38586534.86,-38586534.86,44522924.83,18551218.68,,,0.0331
2103/7/1,,-38254655.4,-38254655.4,44139987,18391661.25,,,0.0329
2103/8/1,,-38024928.86,-38024928.86,43874917.92,18281215.8,,,0.0328
2103/9/1,,-38011929.26,-38011929.26,43859918.38,18274965.99,,,0.0327
2103/10/1,,-37888099.38,-37888099.38,43717037.74,18215432.39,,,0.0326
2103/11/1,,-38003982.85,-38003982.85,43850749.44,18271145.6,,,0.0325
2103/12/1,,-37567085.72,-37567085.72,43346637.37,18061098.9,,,0.0323
2104/1/1,,-37840013.35,-37840013.35,43661553.86,18192314.11,,,0.0322
2104/2/1,,-37497709.64,-37497709.64,43266588.04,18027745.02,,,0.0321
2104/3/1,,-37609638.52,-37609638.52,43395736.75,18081556.98,,,0.032
2104/4/1,,-37902943.43,-37902943.43,43734165.5,18222568.96,,,0.0319
2104/5/1,,-38576077.41,-38576077.41,44510858.55,18546191.06,,,0.0318
2104/6/1,,-37683213.24,-37683213.24,43480630.67,18116929.44,,,0.0316
2104/7/1,,-37470875.6,-37470875.6,43235625.69,18014844.04,,,0.0315
2104/8/1,,-37095393.22,-37095393.22,42802376.79,17834323.66,,,0.0314
2104/9/1,,-36910989.19,-36910989.19,42589602.91,17745667.88,,,0.0313
2104/10/1,,-37076963.33,-37076963.33,42781111.54,17825463.14,,,0.0312
2104/11/1,,-36917981.08,-36917981.08,42597670.48,17749029.37,,,0.0311
2104/12/1,,-36595664.03,-36595664.03,42225766.19,17594069.25,,,0.0309
2105/1/1,,-37034917.66,-37034917.66,42732597.3,17805248.87,,,0.0308
2105/2/1,,-36398676.21,-36398676.21,41998472.55,17499363.56,,,0.0307
2105/3/1,,-36619837.58,-36619837.58,42253658.75,17605691.15,,,0.0306
2105/4/1,,-37079143.45,-37079143.45,42783627.06,17826511.28,,,0.0305
2105/5/1,,-36829027.17,-36829027.17,42495031.35,17706263.06,,,0.0304
2105/6/1,,-36792981.39,-36792981.39,42453440.06,17688933.36,,,0.0303
2105/7/1,,-36409040.41,-36409040.41,42010431.25,17504346.35,,,0.0302
2105/8/1,,-36082526.22,-36082526.22,41633684.1,17347368.38,,,0.0301
2105/9/1,,-35835422.68,-35835422.68,41348564.63,17228568.6,,,0.0299
2105/10/1,,-35994563.88,-35994563.88,41532189.09,17305078.79,,,0.0298
2105/11/1,,-35937898.79,-35937898.79,41466806.3,17277835.96,,,0.0297
2105/12/1,,-35651634.56,-35651634.56,41136501.42,17140208.92,,,0.0296
2106/1/1,,-35744745.19,-35744745.19,41243936.75,17184973.65,,,0.0295
2106/2/1,,-35203243.06,-35203243.06,40619126.61,16924636.09,,,0.0294
2106/3/1,,-35726379.91,-35726379.91,41222746.05,17176144.19,,,0.0293
2106/4/1,,-35669520.51,-35669520.51,41157139.05,17148807.94,,,0.0292
2106/5/1,,-35358157.24,-35358157.24,40797873.74,16999114.06,,,0.0291
2106/6/1,,-35961237.39,-35961237.39,41493735.45,17289056.44,,,0.029
2106/7/1,,-34999599.03,-34999599.03,40384152.73,16826730.3,,,0.0289
2106/8/1,,-34943849.75,-34943849.75,40319826.64,16799927.77,,,0.0288
2106/9/1,,-34381594.77,-34381594.77,39671070.89,16529612.87,,,0.0287
2106/10/1,,-34659975.39,-34659975.39,39992279.3,16663449.71,,,0.0285
2106/11/1,,-34573914.22,-34573914.22,39892977.95,16622074.15,,,0.0284
2106/12/1,,-34053806.58,-34053806.58,39292853.74,16372022.39,,,0.0283
2107/1/1,,-33967431.27,-33967431.27,39193189.93,16330495.8,,,0.0282
2107/2/1,,-33903286.98,-33903286.98,39119177.29,16299657.2,,,0.0281
2107/3/1,,-33634801.29,-33634801.29,38809386.1,16170577.54,,,0.028
2107/4/1,,-33866870.28,-33866870.28,39077158.01,16282149.17,,,0.0279
2107/5/1,,-33967791.99,-33967791.99,39193606.14,16330669.22,,,0.0278
2107/6/1,,-33765249.45,-33765249.45,38959903.21,16233293.01,,,0.0277
2107/7/1,,-33357547.13,-33357547.13,38489477.45,16037282.27,,,0.0276
2107/8/1,,-33000687.91,-33000687.91,38077716.82,15865715.34,,,0.0275
2107/9/1,,-32917421.38,-32917421.38,37981640.06,15825683.36,,,0.0274
2107/10/1,,-32934845.05,-32934845.05,38001744.29,15834060.12,,,0.0273
2107/11/1,,-32659423.4,-32659423.4,37683950.08,15701645.87,,,0.0272
2107/12/1,,-32426119.48,-32426119.48,37414753.24,15589480.52,,,0.0271
2108/1/1,,-32358465.47,-32358465.47,37336690.93,15556954.55,,,0.027
2108/2/1,,-32125626.49,-32125626.49,37068030.56,15445012.74,,,0.0269
2108/3/1,,-32263744.23,-32263744.23,37227397.19,15511415.49,,,0.0268
2108/4/1,,-32435447.38,-32435447.38,37425516.21,15593965.09,,,0.0267
2108/5/1,,-32098752.23,-32098752.23,37037021.8,15432092.42,,,0.0266
2108/6/1,,-32043519.78,-32043519.78,36973292.05,15405538.35,,,0.0265
2108/7/1,,-31703682.53,-31703682.53,36581172.15,15242155.06,,,0.0264
2108/8/1,,-31181574.89,-31181574.89,35978740.25,14991141.77,,,0.0263
2108/9/1,,-30894388.14,-30894388.14,35647370.93,14853071.22,,,0.0262
2108/10/1,,-31051824.21,-31051824.21,35829027.94,14928761.64,,,0.0261
2108/11/1,,-30711968.7,-30711968.7,35436886.96,14765369.57,,,0.026
2108/12/1,,-30473440.4,-30473440.4,35161661.99,14650692.5,,,0.026
2109/1/1,,-30531511.2,-30531511.2,35228666.77,14678611.16,,,0.0259
2109/2/1,,-30055482.6,-30055482.6,34679403,14449751.25,,,0.0258
2109/3/1,,-29975806.18,-29975806.18,34587468.67,14411445.28,,,0.0257
2109/4/1,,-30251759.9,-30251759.9,34905876.81,14544115.34,,,0.0256
2109/5/1,,-30207250.9,-30207250.9,34854520.27,14522716.78,,,0.0255
2109/6/1,,-30043896.25,-30043896.25,34666034.13,14444180.89,,,0.0254
2109/7/1,,-29652737.39,-29652737.39,34214696.99,14256123.75,,,0.0253
2109/8/1,,-29440396.12,-29440396.12,33969687.83,14154036.6,,,0.0252
2109/9/1,,-29086506.93,-29086506.93,33561354.15,13983897.56,,,0.0251
2109/10/1,,-29186046.54,-29186046.54,33676207.54,14031753.14,,,0.025
2109/11/1,,-28803409.5,-28803409.5,33234703.27,13847793.03,,,0.0249
2109/12/1,,-28442002.66,-28442002.66,32817695.38,13674039.74,,,0.0248
2110/1/1,,-28572177.08,-28572177.08,32967896.63,13736623.6,,,0.0247
2110/2/1,,-28158695.74,-28158695.74,32490802.78,13537834.49,,,0.0247
2110/3/1,,-27995546.47,-27995546.47,32302553.62,13459397.34,,,0.0246
2110/4/1,,-28704332.18,-28704332.18,33120383.28,13800159.7,,,0.0245
2110/5/1,,-28313523.8,-28313523.8,32669450.54,13612271.06,,,0.0244
2110/6/1,,-28320628.86,-28320628.86,32677648.69,13615686.95,,,0.0243
2110/7/1,,-27643991.88,-27643991.88,31896913.71,13290380.71,,,0.0242
2110/8/1,,-27203378.66,-27203378.66,31388513.83,13078547.43,,,0.0241
2110/9/1,,-27012064.02,-27012064.02,31167766.18,12986569.24,,,0.024
2110/10/1,,-26841797.02,-26841797.02,30971304.26,12904710.11,,,0.0239
2110/11/1,,-26728326.2,-26728326.2,30840376.38,12850156.83,,,0.0239
2110/12/1,,-26322198.41,-26322198.41,30371767.39,12654903.08,,,0.0238
2111/1/1,,-26446141.48,-26446141.48,30514778.63,12714491.1,,,0.0237
2111/2/1,,-26112997.91,-26112997.91,30130382.2,12554325.92,,,0.0236
2111/3/1,,-26078500.11,-26078500.11,30090577.05,12537740.44,,,0.0235
2111/4/1,,-27130000.61,-27130000.61,31303846.86,13043269.52,,,0.0234
2111/5/1,,-25896798.08,-25896798.08,29880920.86,12450383.69,,,0.0233
2111/6/1,,-25756354.31,-25756354.31,29718870.36,12382862.65,,,0.0232
2111/7/1,,-25379514.66,-25379514.66,29284055.38,12201689.74,,,0.0232
2111/8/1,,-25030258.03,-25030258.03,28881066.96,12033777.9,,,0.0231
2111/9/1,,-24763970.08,-24763970.08,28573811.63,11905754.85,,,0.023
2111/10/1,,-24691660.67,-24691660.67,28490377.7,11870990.71,,,0.0229
2111/11/1,,-24348458.14,-24348458.14,28094374.78,11705989.49,,,0.0228
2111/12/1,,-23936141.43,-23936141.43,27618624.73,11507760.3,,,0.0227
2112/1/1,,-24219633.31,-24219633.31,27945730.74,11644054.48,,,0.0227
2112/2/1,,-23593477.45,-23593477.45,27223243.21,11343018.01,,,0.0226
2112/3/1,,-24093750.9,-24093750.9,27800481.81,11583534.09,,,0.0225
2112/4/1,,-23996015.54,-23996015.54,27687710.23,11536545.93,,,0.0224
2112/5/1,,-24323797.71,-24323797.71,28065920.44,11694133.51,,,0.0223
2112/6/1,,-23279266.99,-23279266.99,26860692.68,11191955.29,,,0.0222
2112/7/1,,-22820696.01,-22820696.01,26331572.32,10971488.47,,,0.0222
2112/8/1,,-22543419.33,-22543419.33,26011637.69,10838182.37,,,0.0221
2112/9/1,,-22246733.51,-22246733.51,25669307.9,10695544.96,,,0.022
2112/10/1,,-22899145.95,-22899145.95,26422091.48,11009204.78,,,0.0219
2112/11/1,,-22311617.87,-22311617.87,25744174.46,10726739.36,,,0.0218
2112/12/1,,-21682102.33,-21682102.33,25017810.38,10424087.66,,,0.0218
2113/1/1,,-22047388.74,-22047388.74,25439294.7,10599706.12,,,0.0217
2113/2/1,,-21351194.51,-21351194.51,24635993.67,10264997.36,,,0.0216
2113/3/1,,-21348972.49,-21348972.49,24633429.8,10263929.08,,,0.0215
2113/4/1,,-22110375.19,-22110375.19,25511971.37,10629988.07,,,0.0214
2113/5/1,,-22024702.89,-22024702.89,25413118.72,10588799.47,,,0.0214
2113/6/1,,-21103090.08,-21103090.08,24349719.32,10145716.38,,,0.0213
2113/7/1,,-20567389.82,-20567389.82,23731603.63,9888168.181,,,0.0212
2113/8/1,,-20561528.44,-20561528.44,23724840.51,9885350.211,,,0.0211
2113/9/1,,-20098140.44,-20098140.44,23190162.05,9662567.52,,,0.0211
2113/10/1,,-19997206,-19997206,23073699.23,9614041.345,,,0.021
2113/11/1,,-19776889.13,-19776889.13,22819487.45,9508119.773,,,0.0209
2113/12/1,,-19409589.28,-19409589.28,22395679.94,9331533.307,,,0.0208
2114/1/1,,-19517032.94,-19517032.94,22519653.4,9383188.916,,,0.0207
2114/2/1,,-19252973.63,-19252973.63,22214969.57,9256237.32,,,0.0207
2114/3/1,,-19122910.71,-19122910.71,22064896.98,9193707.073,,,0.0206
2114/4/1,,-20022419.69,-20022419.69,23102791.95,9626163.314,,,0.0205
2114/5/1,,-19297619.67,-19297619.67,22266484.23,9277701.763,,,0.0204
2114/6/1,,-18706923.53,-18706923.53,21584911.76,8993713.235,,,0.0204
2114/7/1,,-18067582.66,-18067582.66,20847210.76,8686337.818,,,0.0203
2114/8/1,,-17735284.4,-17735284.4,20463789.69,8526579.039,,,0.0202
2114/9/1,,-17605188.3,-17605188.3,20313678.81,8464032.839,,,0.0201
2114/10/1,,-18619248.35,-18619248.35,21483748.1,8951561.707,,,0.0201
2114/11/1,,-17437418.57,-17437418.57,20120098.35,8383374.311,,,0.02
2114/12/1,,-16914264.49,-16914264.49,19516459.02,8131857.927,,,0.0199
2115/1/1,,-17270025.39,-17270025.39,19926952.37,8302896.82,,,0.0199
2115/2/1,,-16714542.9,-16714542.9,19286011.03,8035837.93,,,0.0198
2115/3/1,,-17231776.83,-17231776.83,19882819.42,8284508.091,,,0.0197
2115/4/1,,-17716353.98,-17716353.98,20441946.9,8517477.877,,,0.0196
2115/5/1,,-16898298.63,-16898298.63,19498036.88,8124182.034,,,0.0196
2115/6/1,,-16186476.39,-16186476.39,18676703.52,7781959.802,,,0.0195
2115/7/1,,-15736862.93,-15736862.93,18157918.77,7565799.488,,,0.0194
2115/8/1,,-15670459.18,-15670459.18,18081299.05,7533874.605,,,0.0194
2115/9/1,,-15205524.53,-15205524.53,17544835.99,7310348.33,,,0.0193
2115/10/1,,-15789657.3,-15789657.3,18218835.34,7591181.393,,,0.0192
2115/11/1,,-15287164.6,-15287164.6,17639036.08,7349598.365,,,0.0191
2115/12/1,,-14687186.15,-14687186.15,16946753.25,7061147.187,,,0.0191
2116/1/1,,-15159346.51,-15159346.51,17491553.66,7288147.359,,,0.019
2116/2/1,,-14436174.12,-14436174.12,16657123.99,6940468.328,,,0.0189
2116/3/1,,-14382402.99,-14382402.99,16595080.38,6914616.824,,,0.0189
2116/4/1,,-15390317.4,-15390317.4,17758058.54,7399191.057,,,0.0188
2116/5/1,,-14767945.98,-14767945.98,17039937.67,7099974.029,,,0.0187
2116/6/1,,-14128394.17,-14128394.17,16301993.27,6792497.195,,,0.0187
2116/7/1,,-14060073.22,-14060073.22,16223161.4,6759650.585,,,0.0186
2116/8/1,,-13246879.45,-13246879.45,15284860.9,6368692.042,,,0.0185
2116/9/1,,-13144275,-13144275,15166471.16,6319362.982,,,0.0185
2116/10/1,,-13695454.35,-13695454.35,15802447.32,6584353.052,,,0.0184
2116/11/1,,-12879209.46,-12879209.46,14860626.3,6191927.624,,,0.0183
2116/12/1,,-12489137.51,-12489137.51,14410543.29,6004393.036,,,0.0182
2117/1/1,,-13044929.11,-13044929.11,15051841.28,6271600.534,,,0.0182
2117/2/1,,-12736788.13,-12736788.13,14696294,6123455.833,,,0.0181
2117/3/1,,-12617261.96,-12617261.96,14558379.19,6065991.328,,,0.018
2117/4/1,,-12904568.3,-12904568.3,14889886.5,6204119.374,,,0.018
2117/5/1,,-13018179.65,-13018179.65,15020976.52,6258740.215,,,0.0179
2117/6/1,,-12519870.38,-12519870.38,14446004.29,6019168.452,,,0.0179
2117/7/1,,-11958958.38,-11958958.38,13798798.13,5749499.221,,,0.0178
2117/8/1,,-11445073.64,-11445073.64,13205854.2,5502439.25,,,0.0177
2117/9/1,,-11281927.28,-11281927.28,13017608.4,5424003.499,,,0.0177
2117/10/1,,-11550219.04,-11550219.04,13327175.82,5552989.925,,,0.0176
2117/11/1,,-11152504.78,-11152504.78,12868274.75,5361781.144,,,0.0175
2117/12/1,,-11329130.63,-11329130.63,13072073.81,5446697.42,,,0.0175
2118/1/1,,-11531326.16,-11531326.16,13305376.34,5543906.81,,,0.0174
2118/2/1,,-10494375.52,-10494375.52,12108894.83,5045372.846,,,0.0173
2118/3/1,,-10853896.04,-10853896.04,12523726.2,5218219.248,,,0.0173
2118/4/1,,-11384494.92,-11384494.92,13135955.68,5473314.867,,,0.0172
2118/5/1,,-10749845.11,-10749845.11,12403667.44,5168194.765,,,0.0171
2118/6/1,,-10276329.64,-10276329.64,11857303.44,4940543.098,,,0.0171
2118/7/1,,-9728811.186,-9728811.186,11225551.37,4677313.07,,,0.017
2118/8/1,,-9541279.772,-9541279.772,11009168.97,4587153.736,,,0.017
2118/9/1,,-9261634.52,-9261634.52,10686501.37,4452708.904,,,0.0169
2118/10/1,,-10046802.58,-10046802.58,11592464.51,4830193.547,,,0.0168
2118/11/1,,-9429093.88,-9429093.88,10879723.71,4533218.211,,,0.0168
2118/12/1,,-8838553.043,-8838553.043,10198330.43,4249304.347,,,0.0167
2119/1/1,,-9555654.372,-9555654.372,11025755.04,4594064.602,,,0.0167
2119/2/1,,-8454286.594,-8454286.594,9754946.07,4064560.862,,,0.0166
2119/3/1,,-8928390.594,-8928390.594,10301989.15,4292495.478,,,0.0165
2119/4/1,,-9206345.729,-9206345.729,10622706.61,4426127.754,,,0.0165
2119/5/1,,-8767889.467,-8767889.467,10116795.54,4215331.475,,,0.0164
2119/6/1,,-8222083.607,-8222083.607,9487019.547,3952924.811,,,0.0163
2119/7/1,,-8300947.417,-8300947.417,9578016.25,3990840.104,,,0.0163
2119/8/1,,-7439086.149,-7439086.149,8583560.941,3576483.726,,,0.0162
2119/9/1,,-7607949.634,-7607949.634,8778403.423,3657668.093,,,0.0162
2119/10/1,,-7863299.713,-7863299.713,9073038.13,3780432.554,,,0.0161
2119/11/1,,-8274918.133,-8274918.133,9547982.461,3978326.025,,,0.0161
2119/12/1,,-7430774.093,-7430774.093,8573970.108,3572487.545,,,0.016
2120/1/1,,-7866786.027,-7866786.027,9077060.8,3782108.667,,,0.0159
2120/2/1,,-7297735.49,-7297735.49,8420464.027,3508526.678,,,0.0159
2120/3/1,,-7021138.498,-7021138.498,8101313.651,3375547.355,,,0.0158
2120/4/1,,-8170437.445,-8170437.445,9427427.821,3928094.926,,,0.0158
2120/5/1,,-7346805.374,-7346805.374,8477083.124,3532117.968,,,0.0157
2120/6/1,,-6862518.231,-6862518.231,7918290.266,3299287.611,,,0.0156
2120/7/1,,-6370529.466,-6370529.466,7350610.922,3062754.551,,,0.0156
2120/8/1,,-6025527.267,-6025527.267,6952531.461,2896888.109,,,0.0155
2120/9/1,,-6360336.459,-6360336.459,7338849.76,3057854.067,,,0.0155
2120/10/1,,-6185395.577,-6185395.577,7136994.896,2973747.873,,,0.0154
2120/11/1,,-6115123.542,-6115123.542,7055911.78,2939963.242,,,0.0154
2120/12/1,,-5549927.791,-5549927.791,6403762.835,2668234.515,,,0.0153
2121/1/1,,-6489027.575,-6489027.575,7487339.509,3119724.796,,,0.0152
2121/2/1,,-5714831.707,-5714831.707,6594036.585,2747515.244,,,0.0152
2121/3/1,,-5824427.609,-5824427.609,6720493.395,2800205.581,,,0.0151
2121/4/1,,-5991646.272,-5991646.272,6913438.006,2880599.169,,,0.0151
2121/5/1,,-5725191.145,-5725191.145,6605989.783,2752495.743,,,0.015
2121/6/1,,-5741281.546,-5741281.546,6624555.63,2760231.512,,,0.015
2121/7/1,,-5067343.616,-5067343.616,5846934.942,2436222.892,,,0.0149
2121/8/1,,-4639144.253,-4639144.253,5352858.753,2230357.814,,,0.0149
2121/9/1,,-4714501.562,-4714501.562,5439809.495,2266587.29,,,0.0148
2121/10/1,,-5336606.914,-5336606.914,6157623.363,2565676.401,,,0.0148
2121/11/1,,-5163543.001,-5163543.001,5957934.231,2482472.596,,,0.0147
2121/12/1,,-4650703.092,-4650703.092,5366195.876,2235914.948,,,0.0146
2122/1/1,,-5268218.689,-5268218.689,6078713.872,2532797.447,,,0.0146
2122/2/1,,-4270854.751,-4270854.751,4927909.328,2053295.553,,,0.0145
2122/3/1,,-5097236.91,-5097236.91,5881427.204,2450594.668,,,0.0145
2122/4/1,,-5276547.62,-5276547.62,6088324.177,2536801.74,,,0.0144
2122/5/1,,-4972088.778,-4972088.778,5737025.513,2390427.297,,,0.0144
2122/6/1,,-4990894.732,-4990894.732,5758724.69,2399468.621,,,0.0143
2122/7/1,,-4375399.377,-4375399.377,5048537.743,2103557.393,,,0.0143
2122/8/1,,-3884868.346,-3884868.346,4482540.4,1867725.166,,,0.0142
2122/9/1,,-3985046.454,-3985046.454,4598130.524,1915887.718,,,0.0142
2122/10/1,,-3909517.02,-3909517.02,4510981.177,1879575.491,,,0.0141
2122/11/1,,-3907238.127,-3907238.127,4508351.685,1878479.869,,,0.0141
2122/12/1,,-3611820.131,-3611820.131,4167484.767,1736451.986,,,0.014
2123/1/1,,-4303160.866,-4303160.866,4965185.615,2068827.34,,,0.014
2123/2/1,,-3638729.249,-3638729.249,4198533.749,1749389.062,,,0.0139
2123/3/1,,-3920924.51,-3920924.51,4524143.665,1885059.861,,,0.0139
2123/4/1,,-3526413.056,-3526413.056,4068938.141,1695390.892,,,0.0138
2123/5/1,,-3729491.807,-3729491.807,4303259.778,1793024.907,,,0.0138
2123/6/1,,-3507884.698,-3507884.698,4047559.267,1686483.028,,,0.0137
2123/7/1,,-3035940.122,-3035940.122,3503007.833,1459586.597,,,0.0137
2123/8/1,,-2516478.085,-2516478.085,2903628.559,1209845.233,,,0.0136
2123/9/1,,-2648162.424,-2648162.424,3055572.028,1273155.012,,,0.0136
2123/10/1,,-3129102.888,-3129102.888,3610503.332,1504376.388,,,0.0135
2123/11/1,,-2621438.644,-2621438.644,3024736.897,1260307.04,,,0.0135
2123/12/1,,-2162171.933,-2162171.933,2494813.769,1039505.737,,,0.0134
2124/1/1,,-2683303.205,-2683303.205,3096119.083,1290049.618,,,0.0134
2124/2/1,,-2184079.548,-2184079.548,2520091.787,1050038.244,,,0.0133
2124/3/1,,-2553773.151,-2553773.151,2946661.328,1227775.553,,,0.0133
2124/4/1,,-3392677.241,-3392677.241,3914627.585,1631094.827,,,0.0132
2124/5/1,,-2772142.189,-2772142.189,3198625.603,1332760.668,,,0.0132
2124/6/1,,-2452890.651,-2452890.651,2830258.444,1179274.352,,,0.0131
2124/7/1,,-1987657.351,-1987657.351,2293450.789,955604.4954,,,0.0131
2124/8/1,,-1912352.933,-1912352.933,2206561.076,919400.4485,,,0.013
2124/9/1,,-1824007.779,-1824007.779,2104624.361,876926.817,,,0.013
2124/10/1,,-3030781.127,-3030781.127,3497055.147,1457106.311,,,0.0129
2124/11/1,,-1813476.578,-1813476.578,2092472.975,871863.7395,,,0.0129
2124/12/1,,-1576758.46,-1576758.46,1819336.685,758056.9519,,,0.0128
2125/1/1,,-1889965.069,-1889965.069,2180728.926,908637.0523,,,0.0128
2125/2/1,,-1729323.312,-1729323.312,1995373.052,831405.4383,,,0.0127
2125/3/1,,-1708782.075,-1708782.075,1971671.625,821529.8436,,,0.0127
2125/4/1,,-2107170.865,-2107170.865,2431350.998,1013062.916,,,0.0126
2125/5/1,,-1820989.107,-1820989.107,2101141.277,875475.5321,,,0.0126
2125/6/1,,-1863069.852,-1863069.852,2149695.983,895706.6597,,,0.0126
2125/7/1,,-1430604.074,-1430604.074,1650697.009,687790.4203,,,0.0125
2125/8/1,,-1237415.039,-1237415.039,1427786.584,594911.0766,,,0.0125
2125/9/1,,-1266025.384,-1266025.384,1460798.52,608666.0501,,,0.0124
2125/10/1,,-1260973.332,-1260973.332,1454969.23,606237.1791,,,0.0124
2125/11/1,,-1354310.489,-1354310.489,1562665.949,651110.8122,,,0.0123
2125/12/1,,-1003183.235,-1003183.235,1157519.117,482299.6322,,,0.0123
2126/1/1,,-1339629.414,-1339629.414,1545726.247,644052.603,,,0.0122
